26	everyday__illustrated-headline__maximumDensityHookFixture	p[data-cinema-kicker] "the big question"
26	everyday__statement__maximumDensityHookFixture	p[data-cinema-kicker] "the big question"
26	everyday__chapter__maximumDensityHookFixture	p[data-cinema-kicker] "Chapter 01 · the big questio"
26	everyday__takeaway__maximumDensityHookFixture	p[data-cinema-kicker] "the big question"
26	everyday__illustrated-headline__sceneRegistryPreviewFixture	p[data-cinema-kicker] "the big question"
26	everyday__statement__sceneRegistryPreviewFixture	p[data-cinema-kicker] "the big question"
26	everyday__chapter__sceneRegistryPreviewFixture	p[data-cinema-kicker] "Chapter 01 · the big questio"
26	everyday__takeaway__sceneRegistryPreviewFixture	p[data-cinema-kicker] "the big question"
26	everyday__illustrated-headline__validHookFixture	p[data-cinema-kicker] "the big question"
26	everyday__statement__validHookFixture	p[data-cinema-kicker] "the big question"
26	everyday__chapter__validHookFixture	p[data-cinema-kicker] "Chapter 01 · the big questio"
26	everyday__takeaway__validHookFixture	p[data-cinema-kicker] "the big question"
26	everyday__illustrated-headline__photosynthesis1	p[data-cinema-kicker] "the big question"
26	everyday__statement__photosynthesis1	p[data-cinema-kicker] "the big question"
26	everyday__chapter__photosynthesis1	p[data-cinema-kicker] "Chapter 01 · the big questio"
26	everyday__takeaway__photosynthesis1	p[data-cinema-kicker] "the big question"
26	everyday__illustrated-headline__fullColumnHook	p[data-cinema-kicker] "the big question"
26	everyday__statement__fullColumnHook	p[data-cinema-kicker] "the big question"
26	everyday__chapter__fullColumnHook	p[data-cinema-kicker] "Chapter 01 · the big questio"
26	everyday__takeaway__fullColumnHook	p[data-cinema-kicker] "the big question"