26	essential__hero-annotated__assetDiagramFixture	p[data-cinema-kicker] "look closer"
26	essential__hero-indexed__assetDiagramFixture	span "1"
26	essential__hero-annotated__duplicateAnchorDiagramFixture	p[data-cinema-kicker] "look closer"
26	essential__hero-indexed__duplicateAnchorDiagramFixture	span "1"
26	essential__hero-indexed__manyLabelDiagramFixture	span "1"
26	essential__hero-annotated__maximumLabelDiagramFixture	p[data-cinema-kicker] "look closer"
26	essential__hero-indexed__maximumLabelDiagramFixture	span "1"
26	essential__hero-annotated__shapesDiagramFixture	p[data-cinema-kicker] "look closer"
26	essential__hero-indexed__shapesDiagramFixture	span "1"
26	essential__hero-annotated__sourceDiagramFixture	p[data-cinema-kicker] "look closer"
26	essential__hero-indexed__sourceDiagramFixture	span "1"
26	essential__hero-annotated__shapescell3	p[data-cinema-kicker] "look closer"
26	essential__hero-indexed__shapescell3	span "1"
26	essential__hero-annotated__shapescell5	p[data-cinema-kicker] "look closer"
26	essential__hero-indexed__shapescell5	span "1"
26	essential__hero-annotated__shapescell8	p[data-cinema-kicker] "look closer"
26	essential__hero-indexed__shapescell8	span "1"
26	essential__hero-annotated__shapescycle3	p[data-cinema-kicker] "look closer"
26	essential__hero-indexed__shapescycle3	span "1"
26	essential__hero-annotated__shapescycle5	p[data-cinema-kicker] "look closer"
26	essential__hero-indexed__shapescycle5	span "1"
26	essential__hero-annotated__shapescycle8	p[data-cinema-kicker] "look closer"
26	essential__hero-indexed__shapescycle8	span "1"
26	essential__hero-annotated__shapesplant3	p[data-cinema-kicker] "look closer"
26	essential__hero-indexed__shapesplant3	span "1"
26	essential__hero-annotated__shapesplant5	p[data-cinema-kicker] "look closer"
26	essential__hero-indexed__shapesplant5	span "1"
26	essential__hero-annotated__shapesplant8	p[data-cinema-kicker] "look closer"
26	essential__hero-indexed__shapesplant8	span "1"
26	essential__hero-annotated__shapessystem3	p[data-cinema-kicker] "look closer"
26	essential__hero-indexed__shapessystem3	span "1"
26	essential__hero-annotated__shapessystem5	p[data-cinema-kicker] "look closer"
26	essential__hero-indexed__shapessystem5	span "1"
26	essential__hero-annotated__shapessystem8	p[data-cinema-kicker] "look closer"
26	essential__hero-indexed__shapessystem8	span "1"
26	editorial__hero-annotated__assetDiagramFixture	p[data-cinema-kicker] "look closer"
26	editorial__hero-indexed__assetDiagramFixture	span "1"
26	editorial__hero-annotated__duplicateAnchorDiagramFixture	p[data-cinema-kicker] "look closer"
26	editorial__hero-indexed__duplicateAnchorDiagramFixture	span "1"
26	editorial__hero-indexed__manyLabelDiagramFixture	span "1"
26	editorial__hero-annotated__maximumLabelDiagramFixture	p[data-cinema-kicker] "look closer"
26	editorial__hero-indexed__maximumLabelDiagramFixture	span "1"
26	editorial__hero-annotated__shapesDiagramFixture	p[data-cinema-kicker] "look closer"
26	editorial__hero-indexed__shapesDiagramFixture	span "1"
26	editorial__hero-annotated__sourceDiagramFixture	p[data-cinema-kicker] "look closer"
26	editorial__hero-indexed__sourceDiagramFixture	span "1"
26	editorial__hero-annotated__shapescell3	p[data-cinema-kicker] "look closer"
26	editorial__hero-indexed__shapescell3	span "1"
26	editorial__hero-annotated__shapescell5	p[data-cinema-kicker] "look closer"
26	editorial__hero-indexed__shapescell5	span "1"
26	editorial__hero-annotated__shapescell8	p[data-cinema-kicker] "look closer"
26	editorial__hero-indexed__shapescell8	span "1"
26	editorial__hero-annotated__shapescycle3	p[data-cinema-kicker] "look closer"
26	editorial__hero-indexed__shapescycle3	span "1"
26	editorial__hero-annotated__shapescycle5	p[data-cinema-kicker] "look closer"
26	editorial__hero-indexed__shapescycle5	span "1"
26	editorial__hero-annotated__shapescycle8	p[data-cinema-kicker] "look closer"
26	editorial__hero-indexed__shapescycle8	span "1"
26	editorial__hero-annotated__shapesplant3	p[data-cinema-kicker] "look closer"
26	editorial__hero-indexed__shapesplant3	span "1"
26	editorial__hero-annotated__shapesplant5	p[data-cinema-kicker] "look closer"
26	editorial__hero-indexed__shapesplant5	span "1"
26	editorial__hero-annotated__shapesplant8	p[data-cinema-kicker] "look closer"
26	editorial__hero-indexed__shapesplant8	span "1"
26	editorial__hero-annotated__shapessystem3	p[data-cinema-kicker] "look closer"
26	editorial__hero-indexed__shapessystem3	span "1"
26	editorial__hero-annotated__shapessystem5	p[data-cinema-kicker] "look closer"
26	editorial__hero-indexed__shapessystem5	span "1"
26	editorial__hero-annotated__shapessystem8	p[data-cinema-kicker] "look closer"
26	editorial__hero-indexed__shapessystem8	span "1"
26	everyday__hero-annotated__assetDiagramFixture	p[data-cinema-kicker] "look closer"
26	everyday__hero-indexed__assetDiagramFixture	span "1"
26	everyday__hero-annotated__duplicateAnchorDiagramFixture	p[data-cinema-kicker] "look closer"
26	everyday__hero-indexed__duplicateAnchorDiagramFixture	span "1"
26	everyday__hero-indexed__manyLabelDiagramFixture	span "1"
26	everyday__hero-annotated__maximumLabelDiagramFixture	p[data-cinema-kicker] "look closer"
26	everyday__hero-indexed__maximumLabelDiagramFixture	span "1"
26	everyday__hero-annotated__shapesDiagramFixture	p[data-cinema-kicker] "look closer"
26	everyday__hero-indexed__shapesDiagramFixture	span "1"
26	everyday__hero-annotated__sourceDiagramFixture	p[data-cinema-kicker] "look closer"
26	everyday__hero-indexed__sourceDiagramFixture	span "1"
26	everyday__hero-annotated__shapescell3	p[data-cinema-kicker] "look closer"
26	everyday__hero-indexed__shapescell3	span "1"
26	everyday__hero-annotated__shapescell5	p[data-cinema-kicker] "look closer"
26	everyday__hero-indexed__shapescell5	span "1"
26	everyday__hero-annotated__shapescell8	p[data-cinema-kicker] "look closer"
26	everyday__hero-indexed__shapescell8	span "1"
26	everyday__hero-annotated__shapescycle3	p[data-cinema-kicker] "look closer"
26	everyday__hero-indexed__shapescycle3	span "1"
26	everyday__hero-annotated__shapescycle5	p[data-cinema-kicker] "look closer"
26	everyday__hero-indexed__shapescycle5	span "1"
26	everyday__hero-annotated__shapescycle8	p[data-cinema-kicker] "look closer"
26	everyday__hero-indexed__shapescycle8	span "1"
26	everyday__hero-annotated__shapesplant3	p[data-cinema-kicker] "look closer"
26	everyday__hero-indexed__shapesplant3	span "1"
26	everyday__hero-annotated__shapesplant5	p[data-cinema-kicker] "look closer"
26	everyday__hero-indexed__shapesplant5	span "1"
26	everyday__hero-annotated__shapesplant8	p[data-cinema-kicker] "look closer"
26	everyday__hero-indexed__shapesplant8	span "1"
26	everyday__hero-annotated__shapessystem3	p[data-cinema-kicker] "look closer"
26	everyday__hero-indexed__shapessystem3	span "1"
26	everyday__hero-annotated__shapessystem5	p[data-cinema-kicker] "look closer"
26	everyday__hero-indexed__shapessystem5	span "1"
26	everyday__hero-annotated__shapessystem8	p[data-cinema-kicker] "look closer"
26	everyday__hero-indexed__shapessystem8	span "1"
26	systems__hero-annotated__assetDiagramFixture	p[data-cinema-kicker] "look closer"
26	systems__hero-indexed__assetDiagramFixture	span "1"
26	systems__hero-annotated__duplicateAnchorDiagramFixture	p[data-cinema-kicker] "look closer"
26	systems__hero-indexed__duplicateAnchorDiagramFixture	span "1"
26	systems__hero-indexed__manyLabelDiagramFixture	span "1"
26	systems__hero-annotated__maximumLabelDiagramFixture	p[data-cinema-kicker] "look closer"
26	systems__hero-indexed__maximumLabelDiagramFixture	span "1"
26	systems__hero-annotated__shapesDiagramFixture	p[data-cinema-kicker] "look closer"
26	systems__hero-indexed__shapesDiagramFixture	span "1"
26	systems__hero-annotated__sourceDiagramFixture	p[data-cinema-kicker] "look closer"
26	systems__hero-indexed__sourceDiagramFixture	span "1"
26	systems__hero-annotated__shapescell3	p[data-cinema-kicker] "look closer"
26	systems__hero-indexed__shapescell3	span "1"
26	systems__hero-annotated__shapescell5	p[data-cinema-kicker] "look closer"
26	systems__hero-indexed__shapescell5	span "1"
26	systems__hero-annotated__shapescell8	p[data-cinema-kicker] "look closer"
26	systems__hero-indexed__shapescell8	span "1"
26	systems__hero-annotated__shapescycle3	p[data-cinema-kicker] "look closer"
26	systems__hero-indexed__shapescycle3	span "1"
26	systems__hero-annotated__shapescycle5	p[data-cinema-kicker] "look closer"
26	systems__hero-indexed__shapescycle5	span "1"
26	systems__hero-annotated__shapescycle8	p[data-cinema-kicker] "look closer"
26	systems__hero-indexed__shapescycle8	span "1"
26	systems__hero-annotated__shapesplant3	p[data-cinema-kicker] "look closer"
26	systems__hero-indexed__shapesplant3	span "1"
26	systems__hero-annotated__shapesplant5	p[data-cinema-kicker] "look closer"
26	systems__hero-indexed__shapesplant5	span "1"
26	systems__hero-annotated__shapesplant8	p[data-cinema-kicker] "look closer"
26	systems__hero-indexed__shapesplant8	span "1"
26	systems__hero-annotated__shapessystem3	p[data-cinema-kicker] "look closer"
26	systems__hero-indexed__shapessystem3	span "1"
26	systems__hero-annotated__shapessystem5	p[data-cinema-kicker] "look closer"
26	systems__hero-indexed__shapessystem5	span "1"
26	systems__hero-annotated__shapessystem8	p[data-cinema-kicker] "look closer"
26	systems__hero-indexed__shapessystem8	span "1"
26	field-notes__hero-annotated__assetDiagramFixture	p[data-cinema-kicker] "look closer"
26	field-notes__hero-indexed__assetDiagramFixture	span "1"
26	field-notes__hero-annotated__duplicateAnchorDiagramFixture	p[data-cinema-kicker] "look closer"
26	field-notes__hero-indexed__duplicateAnchorDiagramFixture	span "1"
26	field-notes__hero-indexed__manyLabelDiagramFixture	span "1"
26	field-notes__hero-annotated__maximumLabelDiagramFixture	p[data-cinema-kicker] "look closer"
26	field-notes__hero-indexed__maximumLabelDiagramFixture	span "1"
26	field-notes__hero-annotated__shapesDiagramFixture	p[data-cinema-kicker] "look closer"
26	field-notes__hero-indexed__shapesDiagramFixture	span "1"
26	field-notes__hero-annotated__sourceDiagramFixture	p[data-cinema-kicker] "look closer"
26	field-notes__hero-indexed__sourceDiagramFixture	span "1"
26	field-notes__hero-annotated__shapescell3	p[data-cinema-kicker] "look closer"
26	field-notes__hero-indexed__shapescell3	span "1"
26	field-notes__hero-annotated__shapescell5	p[data-cinema-kicker] "look closer"
26	field-notes__hero-indexed__shapescell5	span "1"
26	field-notes__hero-annotated__shapescell8	p[data-cinema-kicker] "look closer"
26	field-notes__hero-indexed__shapescell8	span "1"
26	field-notes__hero-annotated__shapescycle3	p[data-cinema-kicker] "look closer"
26	field-notes__hero-indexed__shapescycle3	span "1"
26	field-notes__hero-annotated__shapescycle5	p[data-cinema-kicker] "look closer"
26	field-notes__hero-indexed__shapescycle5	span "1"
26	field-notes__hero-annotated__shapescycle8	p[data-cinema-kicker] "look closer"
26	field-notes__hero-indexed__shapescycle8	span "1"
26	field-notes__hero-annotated__shapesplant3	p[data-cinema-kicker] "look closer"
26	field-notes__hero-indexed__shapesplant3	span "1"
26	field-notes__hero-annotated__shapesplant5	p[data-cinema-kicker] "look closer"
26	field-notes__hero-indexed__shapesplant5	span "1"
26	field-notes__hero-annotated__shapesplant8	p[data-cinema-kicker] "look closer"
26	field-notes__hero-indexed__shapesplant8	span "1"
26	field-notes__hero-annotated__shapessystem3	p[data-cinema-kicker] "look closer"
26	field-notes__hero-indexed__shapessystem3	span "1"
26	field-notes__hero-annotated__shapessystem5	p[data-cinema-kicker] "look closer"
26	field-notes__hero-indexed__shapessystem5	span "1"
26	field-notes__hero-annotated__shapessystem8	p[data-cinema-kicker] "look closer"
26	field-notes__hero-indexed__shapessystem8	span "1"
26	prism__hero-annotated__assetDiagramFixture	p[data-cinema-kicker] "look closer"
26	prism__hero-indexed__assetDiagramFixture	span "1"
26	prism__hero-annotated__duplicateAnchorDiagramFixture	p[data-cinema-kicker] "look closer"
26	prism__hero-indexed__duplicateAnchorDiagramFixture	span "1"
26	prism__hero-indexed__manyLabelDiagramFixture	span "1"
26	prism__hero-annotated__maximumLabelDiagramFixture	p[data-cinema-kicker] "look closer"
26	prism__hero-indexed__maximumLabelDiagramFixture	span "1"
26	prism__hero-annotated__shapesDiagramFixture	p[data-cinema-kicker] "look closer"
26	prism__hero-indexed__shapesDiagramFixture	span "1"
26	prism__hero-annotated__sourceDiagramFixture	p[data-cinema-kicker] "look closer"
26	prism__hero-indexed__sourceDiagramFixture	span "1"
26	prism__hero-annotated__shapescell3	p[data-cinema-kicker] "look closer"
26	prism__hero-indexed__shapescell3	span "1"
26	prism__hero-annotated__shapescell5	p[data-cinema-kicker] "look closer"
26	prism__hero-indexed__shapescell5	span "1"
26	prism__hero-annotated__shapescell8	p[data-cinema-kicker] "look closer"
26	prism__hero-indexed__shapescell8	span "1"
26	prism__hero-annotated__shapescycle3	p[data-cinema-kicker] "look closer"
26	prism__hero-indexed__shapescycle3	span "1"
26	prism__hero-annotated__shapescycle5	p[data-cinema-kicker] "look closer"
26	prism__hero-indexed__shapescycle5	span "1"
26	prism__hero-annotated__shapescycle8	p[data-cinema-kicker] "look closer"
26	prism__hero-indexed__shapescycle8	span "1"
26	prism__hero-annotated__shapesplant3	p[data-cinema-kicker] "look closer"
26	prism__hero-indexed__shapesplant3	span "1"
26	prism__hero-annotated__shapesplant5	p[data-cinema-kicker] "look closer"
26	prism__hero-indexed__shapesplant5	span "1"
26	prism__hero-annotated__shapesplant8	p[data-cinema-kicker] "look closer"
26	prism__hero-indexed__shapesplant8	span "1"
26	prism__hero-annotated__shapessystem3	p[data-cinema-kicker] "look closer"
26	prism__hero-indexed__shapessystem3	span "1"
26	prism__hero-annotated__shapessystem5	p[data-cinema-kicker] "look closer"
26	prism__hero-indexed__shapessystem5	span "1"
26	prism__hero-annotated__shapessystem8	p[data-cinema-kicker] "look closer"
26	prism__hero-indexed__shapessystem8	span "1"