24	essential__comparison-split__maximumDensityComparisonFixture	p "4444444444444444444444444444"
24	editorial__comparison-split__maximumDensityComparisonFixture	p "4444444444444444444444444444"
24	everyday__comparison-split__maximumDensityComparisonFixture	p "4444444444444444444444444444"
24	systems__comparison-split__maximumDensityComparisonFixture	p "4444444444444444444444444444"
24	field-notes__comparison-split__maximumDensityComparisonFixture	p "4444444444444444444444444444"
24	prism__comparison-split__maximumDensityComparisonFixture	p "4444444444444444444444444444"
26	essential__comparison-split__imageAssistedComparisonFixture	p[data-cinema-kicker] "compare and contrast"
26	essential__comparison-stacked__imageAssistedComparisonFixture	p[data-cinema-kicker] "compare and contrast"
26	essential__comparison-split__textOnlyComparisonFixture	p[data-cinema-kicker] "compare and contrast"
26	essential__comparison-stacked__textOnlyComparisonFixture	p[data-cinema-kicker] "compare and contrast"
26	editorial__comparison-split__imageAssistedComparisonFixture	p[data-cinema-kicker] "compare and contrast"
26	editorial__comparison-stacked__imageAssistedComparisonFixture	p[data-cinema-kicker] "compare and contrast"
26	editorial__comparison-split__textOnlyComparisonFixture	p[data-cinema-kicker] "compare and contrast"
26	editorial__comparison-stacked__textOnlyComparisonFixture	p[data-cinema-kicker] "compare and contrast"
26	everyday__comparison-split__imageAssistedComparisonFixture	p[data-cinema-kicker] "compare and contrast"
26	everyday__comparison-stacked__imageAssistedComparisonFixture	p[data-cinema-kicker] "compare and contrast"
26	everyday__comparison-split__textOnlyComparisonFixture	p[data-cinema-kicker] "compare and contrast"
26	everyday__comparison-stacked__textOnlyComparisonFixture	p[data-cinema-kicker] "compare and contrast"
26	systems__comparison-split__imageAssistedComparisonFixture	p[data-cinema-kicker] "compare and contrast"
26	systems__comparison-stacked__imageAssistedComparisonFixture	p[data-cinema-kicker] "compare and contrast"
26	systems__comparison-split__textOnlyComparisonFixture	p[data-cinema-kicker] "compare and contrast"
26	systems__comparison-stacked__textOnlyComparisonFixture	p[data-cinema-kicker] "compare and contrast"
26	field-notes__comparison-split__imageAssistedComparisonFixture	p[data-cinema-kicker] "compare and contrast"
26	field-notes__comparison-stacked__imageAssistedComparisonFixture	p[data-cinema-kicker] "compare and contrast"
26	field-notes__comparison-split__textOnlyComparisonFixture	p[data-cinema-kicker] "compare and contrast"
26	field-notes__comparison-stacked__textOnlyComparisonFixture	p[data-cinema-kicker] "compare and contrast"
26	prism__comparison-split__imageAssistedComparisonFixture	p[data-cinema-kicker] "compare and contrast"
26	prism__comparison-stacked__imageAssistedComparisonFixture	p[data-cinema-kicker] "compare and contrast"
26	prism__comparison-split__textOnlyComparisonFixture	p[data-cinema-kicker] "compare and contrast"
26	prism__comparison-stacked__textOnlyComparisonFixture	p[data-cinema-kicker] "compare and contrast"