24	essential__comparison-split__maximumDensityAnalogyFixture	p "concept 1 concept 1 concept "
24	essential__connected__maximumDensityCauseEffectFixture	p "CCCCCCCCCCCCCCCCCCCCCCCCCCCC"
24	essential__comparison-split__maximumDensityComparisonFixture	p "4444444444444444444444444444"
24	essential__illustrated-headline__maximumDensityDefinitionFixture	p "LLLLLLLLLLLLLLLLLLLLLLLLLLLL"
24	essential__hero-annotated__maximumDensityDefinitionFixture	p "DDDDDDDDDDDDDDDDDDDDDDDDDDDD"
24	essential__illustrated-headline__visualAssistedSummaryFixture	p "Energy transfer changes part"
24	essential__illustrated-headline__photosynthesis6	p "Photosynthesis makes glucose"
24	editorial__comparison-split__maximumDensityAnalogyFixture	p "concept 1 concept 1 concept "
24	editorial__connected__maximumDensityCauseEffectFixture	p "CCCCCCCCCCCCCCCCCCCCCCCCCCCC"
24	editorial__comparison-split__maximumDensityComparisonFixture	p "4444444444444444444444444444"
24	editorial__illustrated-headline__maximumDensityDefinitionFixture	p "LLLLLLLLLLLLLLLLLLLLLLLLLLLL"
24	editorial__hero-annotated__maximumDensityDefinitionFixture	p "DDDDDDDDDDDDDDDDDDDDDDDDDDDD"
24	editorial__illustrated-headline__visualAssistedSummaryFixture	p "Energy transfer changes part"
24	editorial__illustrated-headline__photosynthesis6	p "Photosynthesis makes glucose"
24	everyday__comparison-split__maximumDensityAnalogyFixture	p "concept 1 concept 1 concept "
24	everyday__connected__maximumDensityCauseEffectFixture	p "CCCCCCCCCCCCCCCCCCCCCCCCCCCC"
24	everyday__comparison-split__maximumDensityComparisonFixture	p "4444444444444444444444444444"
24	everyday__illustrated-headline__maximumDensityDefinitionFixture	p "LLLLLLLLLLLLLLLLLLLLLLLLLLLL"
24	everyday__hero-annotated__maximumDensityDefinitionFixture	p "DDDDDDDDDDDDDDDDDDDDDDDDDDDD"
24	everyday__illustrated-headline__visualAssistedSummaryFixture	p "Energy transfer changes part"
24	everyday__illustrated-headline__photosynthesis6	p "Photosynthesis makes glucose"
24	systems__comparison-split__maximumDensityAnalogyFixture	p "concept 1 concept 1 concept "
24	systems__connected__maximumDensityCauseEffectFixture	p "CCCCCCCCCCCCCCCCCCCCCCCCCCCC"
24	systems__comparison-split__maximumDensityComparisonFixture	p "4444444444444444444444444444"
24	systems__illustrated-headline__maximumDensityDefinitionFixture	p "LLLLLLLLLLLLLLLLLLLLLLLLLLLL"
24	systems__hero-annotated__maximumDensityDefinitionFixture	p "DDDDDDDDDDDDDDDDDDDDDDDDDDDD"
24	systems__illustrated-headline__visualAssistedSummaryFixture	p "Energy transfer changes part"
24	systems__illustrated-headline__photosynthesis6	p "Photosynthesis makes glucose"
24	field-notes__comparison-split__maximumDensityAnalogyFixture	p "concept 1 concept 1 concept "
24	field-notes__connected__maximumDensityCauseEffectFixture	p "CCCCCCCCCCCCCCCCCCCCCCCCCCCC"
24	field-notes__comparison-split__maximumDensityComparisonFixture	p "4444444444444444444444444444"
24	field-notes__illustrated-headline__maximumDensityDefinitionFixture	p "LLLLLLLLLLLLLLLLLLLLLLLLLLLL"
24	field-notes__hero-annotated__maximumDensityDefinitionFixture	p "DDDDDDDDDDDDDDDDDDDDDDDDDDDD"
24	field-notes__illustrated-headline__visualAssistedSummaryFixture	p "Energy transfer changes part"
24	field-notes__illustrated-headline__photosynthesis6	p "Photosynthesis makes glucose"
24	prism__comparison-split__maximumDensityAnalogyFixture	p "concept 1 concept 1 concept "
24	prism__connected__maximumDensityCauseEffectFixture	p "CCCCCCCCCCCCCCCCCCCCCCCCCCCC"
24	prism__comparison-split__maximumDensityComparisonFixture	p "4444444444444444444444444444"
24	prism__illustrated-headline__maximumDensityDefinitionFixture	p "LLLLLLLLLLLLLLLLLLLLLLLLLLLL"
24	prism__hero-annotated__maximumDensityDefinitionFixture	p "DDDDDDDDDDDDDDDDDDDDDDDDDDDD"
24	prism__illustrated-headline__visualAssistedSummaryFixture	p "Energy transfer changes part"
24	prism__illustrated-headline__photosynthesis6	p "Photosynthesis makes glucose"
26	essential__illustrated-headline__assetAssistedDefinitionFixture	p[data-cinema-kicker] "key term"
26	essential__statement__assetAssistedDefinitionFixture	p[data-cinema-kicker] "key term"
26	essential__chapter__assetAssistedDefinitionFixture	p[data-cinema-kicker] "Chapter 01 · key term"
26	essential__hero-annotated__assetAssistedDefinitionFixture	p[data-cinema-kicker] "key term"
26	essential__illustrated-headline__assetAssistedSummaryFixture	p[data-cinema-kicker] "in summary"
26	essential__chapter__assetAssistedSummaryFixture	p[data-cinema-kicker] "Chapter 01 · in summary"
26	essential__sequence__assetAssistedSummaryFixture	p[data-cinema-kicker] "in summary"
26	essential__takeaway__assetAssistedSummaryFixture	p[data-cinema-kicker] "in summary"
26	essential__hero-annotated__assetDiagramFixture	p[data-cinema-kicker] "look closer"
26	essential__hero-indexed__assetDiagramFixture	span "1"
26	essential__comparison-split__asymmetricIpoFixture	p[data-cinema-kicker] "the system"
26	essential__connected__asymmetricIpoFixture	p[data-cinema-kicker] "the system"
26	essential__connected__branchingCauseEffectFixture	p[data-cinema-kicker] "cause and effect"
26	essential__connected__branchingProcessGraphFixture	p[data-cinema-kicker] "step by step"
26	essential__hero-annotated__duplicateAnchorDiagramFixture	p[data-cinema-kicker] "look closer"
26	essential__hero-indexed__duplicateAnchorDiagramFixture	span "1"
26	essential__illustrated-headline__generatedAnalogyFixture	p[data-cinema-kicker] "an analogy"
26	essential__statement__generatedAnalogyFixture	p[data-cinema-kicker] "an analogy"
26	essential__chapter__generatedAnalogyFixture	p[data-cinema-kicker] "Chapter 01 · an analogy"
26	essential__comparison-split__generatedAnalogyFixture	p[data-cinema-kicker] "an analogy"
26	essential__comparison-stacked__generatedAnalogyFixture	p "The idea"
26	essential__sequence__genericIpoFixture	p[data-cinema-kicker] "the system"
26	essential__comparison-split__genericIpoFixture	p[data-cinema-kicker] "the system"
26	essential__connected__genericIpoFixture	p[data-cinema-kicker] "the system"
26	essential__connected__graphCauseEffectFixture	p[data-cinema-kicker] "cause and effect"
26	essential__sequence__iconAssistedProcessFixture	p[data-cinema-kicker] "step by step"
26	essential__connected__iconAssistedProcessFixture	p[data-cinema-kicker] "step by step"
26	essential__hero-indexed__iconAssistedProcessFixture	p[data-cinema-kicker] "step by step"
26	essential__comparison-split__imageAssistedComparisonFixture	p[data-cinema-kicker] "compare and contrast"
26	essential__comparison-stacked__imageAssistedComparisonFixture	p[data-cinema-kicker] "compare and contrast"
26	essential__sequence__longLabelProcessFixture	p[data-cinema-kicker] "step by step"
26	essential__connected__longLabelProcessFixture	p[data-cinema-kicker] "step by step"
26	essential__hero-indexed__longLabelProcessFixture	p[data-cinema-kicker] "step by step"
26	essential__hero-indexed__manyLabelDiagramFixture	span "1"
26	essential__statement__maximumDensityDefinitionFixture	p[data-cinema-kicker] "key term"
26	essential__chapter__maximumDensityDefinitionFixture	p[data-cinema-kicker] "Chapter 01 · key term"
26	essential__illustrated-headline__maximumDensityHookFixture	p[data-cinema-kicker] "the big question"
26	essential__statement__maximumDensityHookFixture	p[data-cinema-kicker] "the big question"
26	essential__chapter__maximumDensityHookFixture	p[data-cinema-kicker] "Chapter 01 · the big questio"
26	essential__takeaway__maximumDensityHookFixture	p[data-cinema-kicker] "the big question"
26	essential__comparison-split__maximumDensityIpoFixture	p[data-cinema-kicker] "the system"
26	essential__connected__maximumDensityIpoFixture	p[data-cinema-kicker] "the system"
26	essential__hero-annotated__maximumLabelDiagramFixture	p[data-cinema-kicker] "look closer"
26	essential__hero-indexed__maximumLabelDiagramFixture	span "1"
26	essential__sequence__maximumProcessFixture	p[data-cinema-kicker] "step by step"
26	essential__connected__maximumProcessFixture	p[data-cinema-kicker] "step by step"
26	essential__hero-indexed__maximumProcessFixture	p[data-cinema-kicker] "step by step"
26	essential__takeaway__maximumWorkedExampleFixture	p[data-cinema-kicker] "worked example"
26	essential__sequence__minimumProcessFixture	p[data-cinema-kicker] "step by step"
26	essential__connected__minimumProcessFixture	p[data-cinema-kicker] "step by step"
26	essential__hero-indexed__minimumProcessFixture	p[data-cinema-kicker] "step by step"
26	essential__connected__nineStepProcessGraphFixture	p[data-cinema-kicker] "step by step"
26	essential__sequence__nonNumericalWorkedExampleFixture	p[data-cinema-kicker] "worked example"
26	essential__takeaway__nonNumericalWorkedExampleFixture	p[data-cinema-kicker] "worked example"
26	essential__sequence__numericalWorkedExampleFixture	p[data-cinema-kicker] "worked example"
26	essential__takeaway__numericalWorkedExampleFixture	p[data-cinema-kicker] "worked example"
26	essential__sequence__photosynthesisIpoFixture	p[data-cinema-kicker] "the system"
26	essential__comparison-split__photosynthesisIpoFixture	p[data-cinema-kicker] "the system"
26	essential__connected__photosynthesisIpoFixture	p[data-cinema-kicker] "the system"
26	essential__illustrated-headline__sceneRegistryPreviewFixture	p[data-cinema-kicker] "the big question"
26	essential__statement__sceneRegistryPreviewFixture	p[data-cinema-kicker] "the big question"
26	essential__chapter__sceneRegistryPreviewFixture	p[data-cinema-kicker] "Chapter 01 · the big questio"
26	essential__takeaway__sceneRegistryPreviewFixture	p[data-cinema-kicker] "the big question"
26	essential__hero-annotated__shapesDiagramFixture	p[data-cinema-kicker] "look closer"
26	essential__hero-indexed__shapesDiagramFixture	span "1"
26	essential__sequence__simpleCauseEffectFixture	p[data-cinema-kicker] "cause and effect"
26	essential__connected__simpleCauseEffectFixture	p[data-cinema-kicker] "cause and effect"
26	essential__hero-annotated__sourceDiagramFixture	p[data-cinema-kicker] "look closer"
26	essential__hero-indexed__sourceDiagramFixture	span "1"
26	essential__illustrated-headline__sourcedAnalogyFixture	p[data-cinema-kicker] "an analogy"
26	essential__statement__sourcedAnalogyFixture	p[data-cinema-kicker] "an analogy"
26	essential__chapter__sourcedAnalogyFixture	p[data-cinema-kicker] "Chapter 01 · an analogy"
26	essential__comparison-split__sourcedAnalogyFixture	p[data-cinema-kicker] "an analogy"
26	essential__comparison-stacked__sourcedAnalogyFixture	p "The idea"
26	essential__comparison-split__textOnlyComparisonFixture	p[data-cinema-kicker] "compare and contrast"
26	essential__comparison-stacked__textOnlyComparisonFixture	p[data-cinema-kicker] "compare and contrast"
26	essential__illustrated-headline__textOnlyDefinitionFixture	p[data-cinema-kicker] "key term"
26	essential__statement__textOnlyDefinitionFixture	p[data-cinema-kicker] "key term"
26	essential__chapter__textOnlyDefinitionFixture	p[data-cinema-kicker] "Chapter 01 · key term"
26	essential__hero-annotated__textOnlyDefinitionFixture	p[data-cinema-kicker] "key term"
26	essential__illustrated-headline__textOnlySummaryFixture	p[data-cinema-kicker] "in summary"
26	essential__statement__textOnlySummaryFixture	p[data-cinema-kicker] "in summary"
26	essential__chapter__textOnlySummaryFixture	p[data-cinema-kicker] "Chapter 01 · in summary"
26	essential__sequence__textOnlySummaryFixture	p[data-cinema-kicker] "in summary"
26	essential__takeaway__textOnlySummaryFixture	p[data-cinema-kicker] "in summary"
26	essential__illustrated-headline__validHookFixture	p[data-cinema-kicker] "the big question"
26	essential__statement__validHookFixture	p[data-cinema-kicker] "the big question"
26	essential__chapter__validHookFixture	p[data-cinema-kicker] "Chapter 01 · the big questio"
26	essential__takeaway__validHookFixture	p[data-cinema-kicker] "the big question"
26	essential__chapter__visualAssistedSummaryFixture	p[data-cinema-kicker] "Chapter 01 · in summary"
26	essential__sequence__visualAssistedSummaryFixture	p[data-cinema-kicker] "in summary"
26	essential__takeaway__visualAssistedSummaryFixture	p[data-cinema-kicker] "in summary"
26	essential__illustrated-headline__photosynthesis1	p[data-cinema-kicker] "the big question"
26	essential__statement__photosynthesis1	p[data-cinema-kicker] "the big question"
26	essential__chapter__photosynthesis1	p[data-cinema-kicker] "Chapter 01 · the big questio"
26	essential__takeaway__photosynthesis1	p[data-cinema-kicker] "the big question"
26	essential__illustrated-headline__photosynthesis2	p[data-cinema-kicker] "key term"
26	essential__statement__photosynthesis2	p[data-cinema-kicker] "key term"
26	essential__chapter__photosynthesis2	p[data-cinema-kicker] "Chapter 01 · key term"
26	essential__hero-annotated__photosynthesis2	p[data-cinema-kicker] "key term"
26	essential__sequence__photosynthesis3	p[data-cinema-kicker] "step by step"
26	essential__connected__photosynthesis3	p[data-cinema-kicker] "step by step"
26	essential__hero-indexed__photosynthesis3	p[data-cinema-kicker] "step by step"
26	essential__sequence__photosynthesis4	p[data-cinema-kicker] "the system"
26	essential__comparison-split__photosynthesis4	p[data-cinema-kicker] "the system"
26	essential__connected__photosynthesis4	p[data-cinema-kicker] "the system"
26	essential__sequence__photosynthesis5	p[data-cinema-kicker] "cause and effect"
26	essential__connected__photosynthesis5	p[data-cinema-kicker] "cause and effect"
26	essential__chapter__photosynthesis6	p[data-cinema-kicker] "Chapter 01 · in summary"
26	essential__sequence__photosynthesis6	p[data-cinema-kicker] "in summary"
26	essential__takeaway__photosynthesis6	p[data-cinema-kicker] "in summary"
26	essential__hero-annotated__shapescell3	p[data-cinema-kicker] "look closer"
26	essential__hero-indexed__shapescell3	span "1"
26	essential__hero-annotated__shapescell5	p[data-cinema-kicker] "look closer"
26	essential__hero-indexed__shapescell5	span "1"
26	essential__hero-annotated__shapescell8	p[data-cinema-kicker] "look closer"
26	essential__hero-indexed__shapescell8	span "1"
26	essential__hero-annotated__shapescycle3	p[data-cinema-kicker] "look closer"
26	essential__hero-indexed__shapescycle3	span "1"
26	essential__hero-annotated__shapescycle5	p[data-cinema-kicker] "look closer"
26	essential__hero-indexed__shapescycle5	span "1"
26	essential__hero-annotated__shapescycle8	p[data-cinema-kicker] "look closer"
26	essential__hero-indexed__shapescycle8	span "1"
26	essential__hero-annotated__shapesplant3	p[data-cinema-kicker] "look closer"
26	essential__hero-indexed__shapesplant3	span "1"
26	essential__hero-annotated__shapesplant5	p[data-cinema-kicker] "look closer"
26	essential__hero-indexed__shapesplant5	span "1"
26	essential__hero-annotated__shapesplant8	p[data-cinema-kicker] "look closer"
26	essential__hero-indexed__shapesplant8	span "1"
26	essential__hero-annotated__shapessystem3	p[data-cinema-kicker] "look closer"
26	essential__hero-indexed__shapessystem3	span "1"
26	essential__hero-annotated__shapessystem5	p[data-cinema-kicker] "look closer"
26	essential__hero-indexed__shapessystem5	span "1"
26	essential__hero-annotated__shapessystem8	p[data-cinema-kicker] "look closer"
26	essential__hero-indexed__shapessystem8	span "1"
26	essential__illustrated-headline__fullColumnHook	p[data-cinema-kicker] "the big question"
26	essential__statement__fullColumnHook	p[data-cinema-kicker] "the big question"
26	essential__chapter__fullColumnHook	p[data-cinema-kicker] "Chapter 01 · the big questio"
26	essential__takeaway__fullColumnHook	p[data-cinema-kicker] "the big question"
26	editorial__illustrated-headline__assetAssistedDefinitionFixture	p[data-cinema-kicker] "key term"
26	editorial__statement__assetAssistedDefinitionFixture	p[data-cinema-kicker] "key term"
26	editorial__chapter__assetAssistedDefinitionFixture	p[data-cinema-kicker] "Chapter 01 · key term"
26	editorial__hero-annotated__assetAssistedDefinitionFixture	p[data-cinema-kicker] "key term"
26	editorial__illustrated-headline__assetAssistedSummaryFixture	p[data-cinema-kicker] "in summary"
26	editorial__chapter__assetAssistedSummaryFixture	p[data-cinema-kicker] "Chapter 01 · in summary"
26	editorial__sequence__assetAssistedSummaryFixture	p[data-cinema-kicker] "in summary"
26	editorial__takeaway__assetAssistedSummaryFixture	p[data-cinema-kicker] "in summary"
26	editorial__hero-annotated__assetDiagramFixture	p[data-cinema-kicker] "look closer"
26	editorial__hero-indexed__assetDiagramFixture	span "1"
26	editorial__comparison-split__asymmetricIpoFixture	p[data-cinema-kicker] "the system"
26	editorial__connected__asymmetricIpoFixture	p[data-cinema-kicker] "the system"
26	editorial__connected__branchingCauseEffectFixture	p[data-cinema-kicker] "cause and effect"
26	editorial__connected__branchingProcessGraphFixture	p[data-cinema-kicker] "step by step"
26	editorial__hero-annotated__duplicateAnchorDiagramFixture	p[data-cinema-kicker] "look closer"
26	editorial__hero-indexed__duplicateAnchorDiagramFixture	span "1"
26	editorial__illustrated-headline__generatedAnalogyFixture	p[data-cinema-kicker] "an analogy"
26	editorial__statement__generatedAnalogyFixture	p[data-cinema-kicker] "an analogy"
26	editorial__chapter__generatedAnalogyFixture	p[data-cinema-kicker] "Chapter 01 · an analogy"
26	editorial__comparison-split__generatedAnalogyFixture	p[data-cinema-kicker] "an analogy"
26	editorial__comparison-stacked__generatedAnalogyFixture	p "The idea"
26	editorial__sequence__genericIpoFixture	p[data-cinema-kicker] "the system"
26	editorial__comparison-split__genericIpoFixture	p[data-cinema-kicker] "the system"
26	editorial__connected__genericIpoFixture	p[data-cinema-kicker] "the system"
26	editorial__connected__graphCauseEffectFixture	p[data-cinema-kicker] "cause and effect"
26	editorial__sequence__iconAssistedProcessFixture	p[data-cinema-kicker] "step by step"
26	editorial__connected__iconAssistedProcessFixture	p[data-cinema-kicker] "step by step"
26	editorial__hero-indexed__iconAssistedProcessFixture	p[data-cinema-kicker] "step by step"
26	editorial__comparison-split__imageAssistedComparisonFixture	p[data-cinema-kicker] "compare and contrast"
26	editorial__comparison-stacked__imageAssistedComparisonFixture	p[data-cinema-kicker] "compare and contrast"
26	editorial__sequence__longLabelProcessFixture	p[data-cinema-kicker] "step by step"
26	editorial__connected__longLabelProcessFixture	p[data-cinema-kicker] "step by step"
26	editorial__hero-indexed__longLabelProcessFixture	p[data-cinema-kicker] "step by step"
26	editorial__hero-indexed__manyLabelDiagramFixture	span "1"
26	editorial__statement__maximumDensityDefinitionFixture	p[data-cinema-kicker] "key term"
26	editorial__chapter__maximumDensityDefinitionFixture	p[data-cinema-kicker] "Chapter 01 · key term"
26	editorial__illustrated-headline__maximumDensityHookFixture	p[data-cinema-kicker] "the big question"
26	editorial__statement__maximumDensityHookFixture	p[data-cinema-kicker] "the big question"
26	editorial__chapter__maximumDensityHookFixture	p[data-cinema-kicker] "Chapter 01 · the big questio"
26	editorial__takeaway__maximumDensityHookFixture	p[data-cinema-kicker] "the big question"
26	editorial__comparison-split__maximumDensityIpoFixture	p[data-cinema-kicker] "the system"
26	editorial__connected__maximumDensityIpoFixture	p[data-cinema-kicker] "the system"
26	editorial__hero-annotated__maximumLabelDiagramFixture	p[data-cinema-kicker] "look closer"
26	editorial__hero-indexed__maximumLabelDiagramFixture	span "1"
26	editorial__sequence__maximumProcessFixture	p[data-cinema-kicker] "step by step"
26	editorial__connected__maximumProcessFixture	p[data-cinema-kicker] "step by step"
26	editorial__hero-indexed__maximumProcessFixture	p[data-cinema-kicker] "step by step"
26	editorial__takeaway__maximumWorkedExampleFixture	p[data-cinema-kicker] "worked example"
26	editorial__sequence__minimumProcessFixture	p[data-cinema-kicker] "step by step"
26	editorial__connected__minimumProcessFixture	p[data-cinema-kicker] "step by step"
26	editorial__hero-indexed__minimumProcessFixture	p[data-cinema-kicker] "step by step"
26	editorial__connected__nineStepProcessGraphFixture	p[data-cinema-kicker] "step by step"
26	editorial__sequence__nonNumericalWorkedExampleFixture	p[data-cinema-kicker] "worked example"
26	editorial__takeaway__nonNumericalWorkedExampleFixture	p[data-cinema-kicker] "worked example"
26	editorial__sequence__numericalWorkedExampleFixture	p[data-cinema-kicker] "worked example"
26	editorial__takeaway__numericalWorkedExampleFixture	p[data-cinema-kicker] "worked example"
26	editorial__sequence__photosynthesisIpoFixture	p[data-cinema-kicker] "the system"
26	editorial__comparison-split__photosynthesisIpoFixture	p[data-cinema-kicker] "the system"
26	editorial__connected__photosynthesisIpoFixture	p[data-cinema-kicker] "the system"
26	editorial__illustrated-headline__sceneRegistryPreviewFixture	p[data-cinema-kicker] "the big question"
26	editorial__statement__sceneRegistryPreviewFixture	p[data-cinema-kicker] "the big question"
26	editorial__chapter__sceneRegistryPreviewFixture	p[data-cinema-kicker] "Chapter 01 · the big questio"
26	editorial__takeaway__sceneRegistryPreviewFixture	p[data-cinema-kicker] "the big question"
26	editorial__hero-annotated__shapesDiagramFixture	p[data-cinema-kicker] "look closer"
26	editorial__hero-indexed__shapesDiagramFixture	span "1"
26	editorial__sequence__simpleCauseEffectFixture	p[data-cinema-kicker] "cause and effect"
26	editorial__connected__simpleCauseEffectFixture	p[data-cinema-kicker] "cause and effect"
26	editorial__hero-annotated__sourceDiagramFixture	p[data-cinema-kicker] "look closer"
26	editorial__hero-indexed__sourceDiagramFixture	span "1"
26	editorial__illustrated-headline__sourcedAnalogyFixture	p[data-cinema-kicker] "an analogy"
26	editorial__statement__sourcedAnalogyFixture	p[data-cinema-kicker] "an analogy"
26	editorial__chapter__sourcedAnalogyFixture	p[data-cinema-kicker] "Chapter 01 · an analogy"
26	editorial__comparison-split__sourcedAnalogyFixture	p[data-cinema-kicker] "an analogy"
26	editorial__comparison-stacked__sourcedAnalogyFixture	p "The idea"
26	editorial__comparison-split__textOnlyComparisonFixture	p[data-cinema-kicker] "compare and contrast"
26	editorial__comparison-stacked__textOnlyComparisonFixture	p[data-cinema-kicker] "compare and contrast"
26	editorial__illustrated-headline__textOnlyDefinitionFixture	p[data-cinema-kicker] "key term"
26	editorial__statement__textOnlyDefinitionFixture	p[data-cinema-kicker] "key term"
26	editorial__chapter__textOnlyDefinitionFixture	p[data-cinema-kicker] "Chapter 01 · key term"
26	editorial__hero-annotated__textOnlyDefinitionFixture	p[data-cinema-kicker] "key term"
26	editorial__illustrated-headline__textOnlySummaryFixture	p[data-cinema-kicker] "in summary"
26	editorial__statement__textOnlySummaryFixture	p[data-cinema-kicker] "in summary"
26	editorial__chapter__textOnlySummaryFixture	p[data-cinema-kicker] "Chapter 01 · in summary"
26	editorial__sequence__textOnlySummaryFixture	p[data-cinema-kicker] "in summary"
26	editorial__takeaway__textOnlySummaryFixture	p[data-cinema-kicker] "in summary"
26	editorial__illustrated-headline__validHookFixture	p[data-cinema-kicker] "the big question"
26	editorial__statement__validHookFixture	p[data-cinema-kicker] "the big question"
26	editorial__chapter__validHookFixture	p[data-cinema-kicker] "Chapter 01 · the big questio"
26	editorial__takeaway__validHookFixture	p[data-cinema-kicker] "the big question"
26	editorial__chapter__visualAssistedSummaryFixture	p[data-cinema-kicker] "Chapter 01 · in summary"
26	editorial__sequence__visualAssistedSummaryFixture	p[data-cinema-kicker] "in summary"
26	editorial__takeaway__visualAssistedSummaryFixture	p[data-cinema-kicker] "in summary"
26	editorial__illustrated-headline__photosynthesis1	p[data-cinema-kicker] "the big question"
26	editorial__statement__photosynthesis1	p[data-cinema-kicker] "the big question"
26	editorial__chapter__photosynthesis1	p[data-cinema-kicker] "Chapter 01 · the big questio"
26	editorial__takeaway__photosynthesis1	p[data-cinema-kicker] "the big question"
26	editorial__illustrated-headline__photosynthesis2	p[data-cinema-kicker] "key term"
26	editorial__statement__photosynthesis2	p[data-cinema-kicker] "key term"
26	editorial__chapter__photosynthesis2	p[data-cinema-kicker] "Chapter 01 · key term"
26	editorial__hero-annotated__photosynthesis2	p[data-cinema-kicker] "key term"
26	editorial__sequence__photosynthesis3	p[data-cinema-kicker] "step by step"
26	editorial__connected__photosynthesis3	p[data-cinema-kicker] "step by step"
26	editorial__hero-indexed__photosynthesis3	p[data-cinema-kicker] "step by step"
26	editorial__sequence__photosynthesis4	p[data-cinema-kicker] "the system"
26	editorial__comparison-split__photosynthesis4	p[data-cinema-kicker] "the system"
26	editorial__connected__photosynthesis4	p[data-cinema-kicker] "the system"
26	editorial__sequence__photosynthesis5	p[data-cinema-kicker] "cause and effect"
26	editorial__connected__photosynthesis5	p[data-cinema-kicker] "cause and effect"
26	editorial__chapter__photosynthesis6	p[data-cinema-kicker] "Chapter 01 · in summary"
26	editorial__sequence__photosynthesis6	p[data-cinema-kicker] "in summary"
26	editorial__takeaway__photosynthesis6	p[data-cinema-kicker] "in summary"
26	editorial__hero-annotated__shapescell3	p[data-cinema-kicker] "look closer"
26	editorial__hero-indexed__shapescell3	span "1"
26	editorial__hero-annotated__shapescell5	p[data-cinema-kicker] "look closer"
26	editorial__hero-indexed__shapescell5	span "1"
26	editorial__hero-annotated__shapescell8	p[data-cinema-kicker] "look closer"
26	editorial__hero-indexed__shapescell8	span "1"
26	editorial__hero-annotated__shapescycle3	p[data-cinema-kicker] "look closer"
26	editorial__hero-indexed__shapescycle3	span "1"
26	editorial__hero-annotated__shapescycle5	p[data-cinema-kicker] "look closer"
26	editorial__hero-indexed__shapescycle5	span "1"
26	editorial__hero-annotated__shapescycle8	p[data-cinema-kicker] "look closer"
26	editorial__hero-indexed__shapescycle8	span "1"
26	editorial__hero-annotated__shapesplant3	p[data-cinema-kicker] "look closer"
26	editorial__hero-indexed__shapesplant3	span "1"
26	editorial__hero-annotated__shapesplant5	p[data-cinema-kicker] "look closer"
26	editorial__hero-indexed__shapesplant5	span "1"
26	editorial__hero-annotated__shapesplant8	p[data-cinema-kicker] "look closer"
26	editorial__hero-indexed__shapesplant8	span "1"
26	editorial__hero-annotated__shapessystem3	p[data-cinema-kicker] "look closer"
26	editorial__hero-indexed__shapessystem3	span "1"
26	editorial__hero-annotated__shapessystem5	p[data-cinema-kicker] "look closer"
26	editorial__hero-indexed__shapessystem5	span "1"
26	editorial__hero-annotated__shapessystem8	p[data-cinema-kicker] "look closer"
26	editorial__hero-indexed__shapessystem8	span "1"
26	editorial__illustrated-headline__fullColumnHook	p[data-cinema-kicker] "the big question"
26	editorial__statement__fullColumnHook	p[data-cinema-kicker] "the big question"
26	editorial__chapter__fullColumnHook	p[data-cinema-kicker] "Chapter 01 · the big questio"
26	editorial__takeaway__fullColumnHook	p[data-cinema-kicker] "the big question"
26	everyday__illustrated-headline__assetAssistedDefinitionFixture	p[data-cinema-kicker] "key term"
26	everyday__statement__assetAssistedDefinitionFixture	p[data-cinema-kicker] "key term"
26	everyday__chapter__assetAssistedDefinitionFixture	p[data-cinema-kicker] "Chapter 01 · key term"
26	everyday__hero-annotated__assetAssistedDefinitionFixture	p[data-cinema-kicker] "key term"
26	everyday__illustrated-headline__assetAssistedSummaryFixture	p[data-cinema-kicker] "in summary"
26	everyday__chapter__assetAssistedSummaryFixture	p[data-cinema-kicker] "Chapter 01 · in summary"
26	everyday__sequence__assetAssistedSummaryFixture	p[data-cinema-kicker] "in summary"
26	everyday__takeaway__assetAssistedSummaryFixture	p[data-cinema-kicker] "in summary"
26	everyday__hero-annotated__assetDiagramFixture	p[data-cinema-kicker] "look closer"
26	everyday__hero-indexed__assetDiagramFixture	span "1"
26	everyday__comparison-split__asymmetricIpoFixture	p[data-cinema-kicker] "the system"
26	everyday__connected__asymmetricIpoFixture	p[data-cinema-kicker] "the system"
26	everyday__connected__branchingCauseEffectFixture	p[data-cinema-kicker] "cause and effect"
26	everyday__connected__branchingProcessGraphFixture	p[data-cinema-kicker] "step by step"
26	everyday__hero-annotated__duplicateAnchorDiagramFixture	p[data-cinema-kicker] "look closer"
26	everyday__hero-indexed__duplicateAnchorDiagramFixture	span "1"
26	everyday__illustrated-headline__generatedAnalogyFixture	p[data-cinema-kicker] "an analogy"
26	everyday__statement__generatedAnalogyFixture	p[data-cinema-kicker] "an analogy"
26	everyday__chapter__generatedAnalogyFixture	p[data-cinema-kicker] "Chapter 01 · an analogy"
26	everyday__comparison-split__generatedAnalogyFixture	p[data-cinema-kicker] "an analogy"
26	everyday__comparison-stacked__generatedAnalogyFixture	p "The idea"
26	everyday__sequence__genericIpoFixture	p[data-cinema-kicker] "the system"
26	everyday__comparison-split__genericIpoFixture	p[data-cinema-kicker] "the system"
26	everyday__connected__genericIpoFixture	p[data-cinema-kicker] "the system"
26	everyday__connected__graphCauseEffectFixture	p[data-cinema-kicker] "cause and effect"
26	everyday__sequence__iconAssistedProcessFixture	p[data-cinema-kicker] "step by step"
26	everyday__connected__iconAssistedProcessFixture	p[data-cinema-kicker] "step by step"
26	everyday__hero-indexed__iconAssistedProcessFixture	p[data-cinema-kicker] "step by step"
26	everyday__comparison-split__imageAssistedComparisonFixture	p[data-cinema-kicker] "compare and contrast"
26	everyday__comparison-stacked__imageAssistedComparisonFixture	p[data-cinema-kicker] "compare and contrast"
26	everyday__sequence__longLabelProcessFixture	p[data-cinema-kicker] "step by step"
26	everyday__connected__longLabelProcessFixture	p[data-cinema-kicker] "step by step"
26	everyday__hero-indexed__longLabelProcessFixture	p[data-cinema-kicker] "step by step"
26	everyday__hero-indexed__manyLabelDiagramFixture	span "1"
26	everyday__statement__maximumDensityDefinitionFixture	p[data-cinema-kicker] "key term"
26	everyday__chapter__maximumDensityDefinitionFixture	p[data-cinema-kicker] "Chapter 01 · key term"
26	everyday__illustrated-headline__maximumDensityHookFixture	p[data-cinema-kicker] "the big question"
26	everyday__statement__maximumDensityHookFixture	p[data-cinema-kicker] "the big question"
26	everyday__chapter__maximumDensityHookFixture	p[data-cinema-kicker] "Chapter 01 · the big questio"
26	everyday__takeaway__maximumDensityHookFixture	p[data-cinema-kicker] "the big question"
26	everyday__comparison-split__maximumDensityIpoFixture	p[data-cinema-kicker] "the system"
26	everyday__connected__maximumDensityIpoFixture	p[data-cinema-kicker] "the system"
26	everyday__hero-annotated__maximumLabelDiagramFixture	p[data-cinema-kicker] "look closer"
26	everyday__hero-indexed__maximumLabelDiagramFixture	span "1"
26	everyday__sequence__maximumProcessFixture	p[data-cinema-kicker] "step by step"
26	everyday__connected__maximumProcessFixture	p[data-cinema-kicker] "step by step"
26	everyday__hero-indexed__maximumProcessFixture	p[data-cinema-kicker] "step by step"
26	everyday__takeaway__maximumWorkedExampleFixture	p[data-cinema-kicker] "worked example"
26	everyday__sequence__minimumProcessFixture	p[data-cinema-kicker] "step by step"
26	everyday__connected__minimumProcessFixture	p[data-cinema-kicker] "step by step"
26	everyday__hero-indexed__minimumProcessFixture	p[data-cinema-kicker] "step by step"
26	everyday__connected__nineStepProcessGraphFixture	p[data-cinema-kicker] "step by step"
26	everyday__sequence__nonNumericalWorkedExampleFixture	p[data-cinema-kicker] "worked example"
26	everyday__takeaway__nonNumericalWorkedExampleFixture	p[data-cinema-kicker] "worked example"
26	everyday__sequence__numericalWorkedExampleFixture	p[data-cinema-kicker] "worked example"
26	everyday__takeaway__numericalWorkedExampleFixture	p[data-cinema-kicker] "worked example"
26	everyday__sequence__photosynthesisIpoFixture	p[data-cinema-kicker] "the system"
26	everyday__comparison-split__photosynthesisIpoFixture	p[data-cinema-kicker] "the system"
26	everyday__connected__photosynthesisIpoFixture	p[data-cinema-kicker] "the system"
26	everyday__illustrated-headline__sceneRegistryPreviewFixture	p[data-cinema-kicker] "the big question"
26	everyday__statement__sceneRegistryPreviewFixture	p[data-cinema-kicker] "the big question"
26	everyday__chapter__sceneRegistryPreviewFixture	p[data-cinema-kicker] "Chapter 01 · the big questio"
26	everyday__takeaway__sceneRegistryPreviewFixture	p[data-cinema-kicker] "the big question"
26	everyday__hero-annotated__shapesDiagramFixture	p[data-cinema-kicker] "look closer"
26	everyday__hero-indexed__shapesDiagramFixture	span "1"
26	everyday__sequence__simpleCauseEffectFixture	p[data-cinema-kicker] "cause and effect"
26	everyday__connected__simpleCauseEffectFixture	p[data-cinema-kicker] "cause and effect"
26	everyday__hero-annotated__sourceDiagramFixture	p[data-cinema-kicker] "look closer"
26	everyday__hero-indexed__sourceDiagramFixture	span "1"
26	everyday__illustrated-headline__sourcedAnalogyFixture	p[data-cinema-kicker] "an analogy"
26	everyday__statement__sourcedAnalogyFixture	p[data-cinema-kicker] "an analogy"
26	everyday__chapter__sourcedAnalogyFixture	p[data-cinema-kicker] "Chapter 01 · an analogy"
26	everyday__comparison-split__sourcedAnalogyFixture	p[data-cinema-kicker] "an analogy"
26	everyday__comparison-stacked__sourcedAnalogyFixture	p "The idea"
26	everyday__comparison-split__textOnlyComparisonFixture	p[data-cinema-kicker] "compare and contrast"
26	everyday__comparison-stacked__textOnlyComparisonFixture	p[data-cinema-kicker] "compare and contrast"
26	everyday__illustrated-headline__textOnlyDefinitionFixture	p[data-cinema-kicker] "key term"
26	everyday__statement__textOnlyDefinitionFixture	p[data-cinema-kicker] "key term"
26	everyday__chapter__textOnlyDefinitionFixture	p[data-cinema-kicker] "Chapter 01 · key term"
26	everyday__hero-annotated__textOnlyDefinitionFixture	p[data-cinema-kicker] "key term"
26	everyday__illustrated-headline__textOnlySummaryFixture	p[data-cinema-kicker] "in summary"
26	everyday__statement__textOnlySummaryFixture	p[data-cinema-kicker] "in summary"
26	everyday__chapter__textOnlySummaryFixture	p[data-cinema-kicker] "Chapter 01 · in summary"
26	everyday__sequence__textOnlySummaryFixture	p[data-cinema-kicker] "in summary"
26	everyday__takeaway__textOnlySummaryFixture	p[data-cinema-kicker] "in summary"
26	everyday__illustrated-headline__validHookFixture	p[data-cinema-kicker] "the big question"
26	everyday__statement__validHookFixture	p[data-cinema-kicker] "the big question"
26	everyday__chapter__validHookFixture	p[data-cinema-kicker] "Chapter 01 · the big questio"
26	everyday__takeaway__validHookFixture	p[data-cinema-kicker] "the big question"
26	everyday__chapter__visualAssistedSummaryFixture	p[data-cinema-kicker] "Chapter 01 · in summary"
26	everyday__sequence__visualAssistedSummaryFixture	p[data-cinema-kicker] "in summary"
26	everyday__takeaway__visualAssistedSummaryFixture	p[data-cinema-kicker] "in summary"
26	everyday__illustrated-headline__photosynthesis1	p[data-cinema-kicker] "the big question"
26	everyday__statement__photosynthesis1	p[data-cinema-kicker] "the big question"
26	everyday__chapter__photosynthesis1	p[data-cinema-kicker] "Chapter 01 · the big questio"
26	everyday__takeaway__photosynthesis1	p[data-cinema-kicker] "the big question"
26	everyday__illustrated-headline__photosynthesis2	p[data-cinema-kicker] "key term"
26	everyday__statement__photosynthesis2	p[data-cinema-kicker] "key term"
26	everyday__chapter__photosynthesis2	p[data-cinema-kicker] "Chapter 01 · key term"
26	everyday__hero-annotated__photosynthesis2	p[data-cinema-kicker] "key term"
26	everyday__sequence__photosynthesis3	p[data-cinema-kicker] "step by step"
26	everyday__connected__photosynthesis3	p[data-cinema-kicker] "step by step"
26	everyday__hero-indexed__photosynthesis3	p[data-cinema-kicker] "step by step"
26	everyday__sequence__photosynthesis4	p[data-cinema-kicker] "the system"
26	everyday__comparison-split__photosynthesis4	p[data-cinema-kicker] "the system"
26	everyday__connected__photosynthesis4	p[data-cinema-kicker] "the system"
26	everyday__sequence__photosynthesis5	p[data-cinema-kicker] "cause and effect"
26	everyday__connected__photosynthesis5	p[data-cinema-kicker] "cause and effect"
26	everyday__chapter__photosynthesis6	p[data-cinema-kicker] "Chapter 01 · in summary"
26	everyday__sequence__photosynthesis6	p[data-cinema-kicker] "in summary"
26	everyday__takeaway__photosynthesis6	p[data-cinema-kicker] "in summary"
26	everyday__hero-annotated__shapescell3	p[data-cinema-kicker] "look closer"
26	everyday__hero-indexed__shapescell3	span "1"
26	everyday__hero-annotated__shapescell5	p[data-cinema-kicker] "look closer"
26	everyday__hero-indexed__shapescell5	span "1"
26	everyday__hero-annotated__shapescell8	p[data-cinema-kicker] "look closer"
26	everyday__hero-indexed__shapescell8	span "1"
26	everyday__hero-annotated__shapescycle3	p[data-cinema-kicker] "look closer"
26	everyday__hero-indexed__shapescycle3	span "1"
26	everyday__hero-annotated__shapescycle5	p[data-cinema-kicker] "look closer"
26	everyday__hero-indexed__shapescycle5	span "1"
26	everyday__hero-annotated__shapescycle8	p[data-cinema-kicker] "look closer"
26	everyday__hero-indexed__shapescycle8	span "1"
26	everyday__hero-annotated__shapesplant3	p[data-cinema-kicker] "look closer"
26	everyday__hero-indexed__shapesplant3	span "1"
26	everyday__hero-annotated__shapesplant5	p[data-cinema-kicker] "look closer"
26	everyday__hero-indexed__shapesplant5	span "1"
26	everyday__hero-annotated__shapesplant8	p[data-cinema-kicker] "look closer"
26	everyday__hero-indexed__shapesplant8	span "1"
26	everyday__hero-annotated__shapessystem3	p[data-cinema-kicker] "look closer"
26	everyday__hero-indexed__shapessystem3	span "1"
26	everyday__hero-annotated__shapessystem5	p[data-cinema-kicker] "look closer"
26	everyday__hero-indexed__shapessystem5	span "1"
26	everyday__hero-annotated__shapessystem8	p[data-cinema-kicker] "look closer"
26	everyday__hero-indexed__shapessystem8	span "1"
26	everyday__illustrated-headline__fullColumnHook	p[data-cinema-kicker] "the big question"
26	everyday__statement__fullColumnHook	p[data-cinema-kicker] "the big question"
26	everyday__chapter__fullColumnHook	p[data-cinema-kicker] "Chapter 01 · the big questio"
26	everyday__takeaway__fullColumnHook	p[data-cinema-kicker] "the big question"
26	systems__illustrated-headline__assetAssistedDefinitionFixture	p[data-cinema-kicker] "key term"
26	systems__statement__assetAssistedDefinitionFixture	p[data-cinema-kicker] "key term"
26	systems__chapter__assetAssistedDefinitionFixture	p[data-cinema-kicker] "Chapter 01 · key term"
26	systems__hero-annotated__assetAssistedDefinitionFixture	p[data-cinema-kicker] "key term"
26	systems__illustrated-headline__assetAssistedSummaryFixture	p[data-cinema-kicker] "in summary"
26	systems__chapter__assetAssistedSummaryFixture	p[data-cinema-kicker] "Chapter 01 · in summary"
26	systems__sequence__assetAssistedSummaryFixture	p[data-cinema-kicker] "in summary"
26	systems__takeaway__assetAssistedSummaryFixture	p[data-cinema-kicker] "in summary"
26	systems__hero-annotated__assetDiagramFixture	p[data-cinema-kicker] "look closer"
26	systems__hero-indexed__assetDiagramFixture	span "1"
26	systems__comparison-split__asymmetricIpoFixture	p[data-cinema-kicker] "the system"
26	systems__connected__asymmetricIpoFixture	p[data-cinema-kicker] "the system"
26	systems__connected__branchingCauseEffectFixture	p[data-cinema-kicker] "cause and effect"
26	systems__connected__branchingProcessGraphFixture	p[data-cinema-kicker] "step by step"
26	systems__hero-annotated__duplicateAnchorDiagramFixture	p[data-cinema-kicker] "look closer"
26	systems__hero-indexed__duplicateAnchorDiagramFixture	span "1"
26	systems__illustrated-headline__generatedAnalogyFixture	p[data-cinema-kicker] "an analogy"
26	systems__statement__generatedAnalogyFixture	p[data-cinema-kicker] "an analogy"
26	systems__chapter__generatedAnalogyFixture	p[data-cinema-kicker] "Chapter 01 · an analogy"
26	systems__comparison-split__generatedAnalogyFixture	p[data-cinema-kicker] "an analogy"
26	systems__comparison-stacked__generatedAnalogyFixture	p "The idea"
26	systems__sequence__genericIpoFixture	p[data-cinema-kicker] "the system"
26	systems__comparison-split__genericIpoFixture	p[data-cinema-kicker] "the system"
26	systems__connected__genericIpoFixture	p[data-cinema-kicker] "the system"
26	systems__connected__graphCauseEffectFixture	p[data-cinema-kicker] "cause and effect"
26	systems__sequence__iconAssistedProcessFixture	p[data-cinema-kicker] "step by step"
26	systems__connected__iconAssistedProcessFixture	p[data-cinema-kicker] "step by step"
26	systems__hero-indexed__iconAssistedProcessFixture	p[data-cinema-kicker] "step by step"
26	systems__comparison-split__imageAssistedComparisonFixture	p[data-cinema-kicker] "compare and contrast"
26	systems__comparison-stacked__imageAssistedComparisonFixture	p[data-cinema-kicker] "compare and contrast"
26	systems__sequence__longLabelProcessFixture	p[data-cinema-kicker] "step by step"
26	systems__connected__longLabelProcessFixture	p[data-cinema-kicker] "step by step"
26	systems__hero-indexed__longLabelProcessFixture	p[data-cinema-kicker] "step by step"
26	systems__hero-indexed__manyLabelDiagramFixture	span "1"
26	systems__statement__maximumDensityDefinitionFixture	p[data-cinema-kicker] "key term"
26	systems__chapter__maximumDensityDefinitionFixture	p[data-cinema-kicker] "Chapter 01 · key term"
26	systems__illustrated-headline__maximumDensityHookFixture	p[data-cinema-kicker] "the big question"
26	systems__statement__maximumDensityHookFixture	p[data-cinema-kicker] "the big question"
26	systems__chapter__maximumDensityHookFixture	p[data-cinema-kicker] "Chapter 01 · the big questio"
26	systems__takeaway__maximumDensityHookFixture	p[data-cinema-kicker] "the big question"
26	systems__comparison-split__maximumDensityIpoFixture	p[data-cinema-kicker] "the system"
26	systems__connected__maximumDensityIpoFixture	p[data-cinema-kicker] "the system"
26	systems__hero-annotated__maximumLabelDiagramFixture	p[data-cinema-kicker] "look closer"
26	systems__hero-indexed__maximumLabelDiagramFixture	span "1"
26	systems__sequence__maximumProcessFixture	p[data-cinema-kicker] "step by step"
26	systems__connected__maximumProcessFixture	p[data-cinema-kicker] "step by step"
26	systems__hero-indexed__maximumProcessFixture	p[data-cinema-kicker] "step by step"
26	systems__takeaway__maximumWorkedExampleFixture	p[data-cinema-kicker] "worked example"
26	systems__sequence__minimumProcessFixture	p[data-cinema-kicker] "step by step"
26	systems__connected__minimumProcessFixture	p[data-cinema-kicker] "step by step"
26	systems__hero-indexed__minimumProcessFixture	p[data-cinema-kicker] "step by step"
26	systems__connected__nineStepProcessGraphFixture	p[data-cinema-kicker] "step by step"
26	systems__sequence__nonNumericalWorkedExampleFixture	p[data-cinema-kicker] "worked example"
26	systems__takeaway__nonNumericalWorkedExampleFixture	p[data-cinema-kicker] "worked example"
26	systems__sequence__numericalWorkedExampleFixture	p[data-cinema-kicker] "worked example"
26	systems__takeaway__numericalWorkedExampleFixture	p[data-cinema-kicker] "worked example"
26	systems__sequence__photosynthesisIpoFixture	p[data-cinema-kicker] "the system"
26	systems__comparison-split__photosynthesisIpoFixture	p[data-cinema-kicker] "the system"
26	systems__connected__photosynthesisIpoFixture	p[data-cinema-kicker] "the system"
26	systems__illustrated-headline__sceneRegistryPreviewFixture	p[data-cinema-kicker] "the big question"
26	systems__statement__sceneRegistryPreviewFixture	p[data-cinema-kicker] "the big question"
26	systems__chapter__sceneRegistryPreviewFixture	p[data-cinema-kicker] "Chapter 01 · the big questio"
26	systems__takeaway__sceneRegistryPreviewFixture	p[data-cinema-kicker] "the big question"
26	systems__hero-annotated__shapesDiagramFixture	p[data-cinema-kicker] "look closer"
26	systems__hero-indexed__shapesDiagramFixture	span "1"
26	systems__sequence__simpleCauseEffectFixture	p[data-cinema-kicker] "cause and effect"
26	systems__connected__simpleCauseEffectFixture	p[data-cinema-kicker] "cause and effect"
26	systems__hero-annotated__sourceDiagramFixture	p[data-cinema-kicker] "look closer"
26	systems__hero-indexed__sourceDiagramFixture	span "1"
26	systems__illustrated-headline__sourcedAnalogyFixture	p[data-cinema-kicker] "an analogy"
26	systems__statement__sourcedAnalogyFixture	p[data-cinema-kicker] "an analogy"
26	systems__chapter__sourcedAnalogyFixture	p[data-cinema-kicker] "Chapter 01 · an analogy"
26	systems__comparison-split__sourcedAnalogyFixture	p[data-cinema-kicker] "an analogy"
26	systems__comparison-stacked__sourcedAnalogyFixture	p "The idea"
26	systems__comparison-split__textOnlyComparisonFixture	p[data-cinema-kicker] "compare and contrast"
26	systems__comparison-stacked__textOnlyComparisonFixture	p[data-cinema-kicker] "compare and contrast"
26	systems__illustrated-headline__textOnlyDefinitionFixture	p[data-cinema-kicker] "key term"
26	systems__statement__textOnlyDefinitionFixture	p[data-cinema-kicker] "key term"
26	systems__chapter__textOnlyDefinitionFixture	p[data-cinema-kicker] "Chapter 01 · key term"
26	systems__hero-annotated__textOnlyDefinitionFixture	p[data-cinema-kicker] "key term"
26	systems__illustrated-headline__textOnlySummaryFixture	p[data-cinema-kicker] "in summary"
26	systems__statement__textOnlySummaryFixture	p[data-cinema-kicker] "in summary"
26	systems__chapter__textOnlySummaryFixture	p[data-cinema-kicker] "Chapter 01 · in summary"
26	systems__sequence__textOnlySummaryFixture	p[data-cinema-kicker] "in summary"
26	systems__takeaway__textOnlySummaryFixture	p[data-cinema-kicker] "in summary"
26	systems__illustrated-headline__validHookFixture	p[data-cinema-kicker] "the big question"
26	systems__statement__validHookFixture	p[data-cinema-kicker] "the big question"
26	systems__chapter__validHookFixture	p[data-cinema-kicker] "Chapter 01 · the big questio"
26	systems__takeaway__validHookFixture	p[data-cinema-kicker] "the big question"
26	systems__chapter__visualAssistedSummaryFixture	p[data-cinema-kicker] "Chapter 01 · in summary"
26	systems__sequence__visualAssistedSummaryFixture	p[data-cinema-kicker] "in summary"
26	systems__takeaway__visualAssistedSummaryFixture	p[data-cinema-kicker] "in summary"
26	systems__illustrated-headline__photosynthesis1	p[data-cinema-kicker] "the big question"
26	systems__statement__photosynthesis1	p[data-cinema-kicker] "the big question"
26	systems__chapter__photosynthesis1	p[data-cinema-kicker] "Chapter 01 · the big questio"
26	systems__takeaway__photosynthesis1	p[data-cinema-kicker] "the big question"
26	systems__illustrated-headline__photosynthesis2	p[data-cinema-kicker] "key term"
26	systems__statement__photosynthesis2	p[data-cinema-kicker] "key term"
26	systems__chapter__photosynthesis2	p[data-cinema-kicker] "Chapter 01 · key term"
26	systems__hero-annotated__photosynthesis2	p[data-cinema-kicker] "key term"
26	systems__sequence__photosynthesis3	p[data-cinema-kicker] "step by step"
26	systems__connected__photosynthesis3	p[data-cinema-kicker] "step by step"
26	systems__hero-indexed__photosynthesis3	p[data-cinema-kicker] "step by step"
26	systems__sequence__photosynthesis4	p[data-cinema-kicker] "the system"
26	systems__comparison-split__photosynthesis4	p[data-cinema-kicker] "the system"
26	systems__connected__photosynthesis4	p[data-cinema-kicker] "the system"
26	systems__sequence__photosynthesis5	p[data-cinema-kicker] "cause and effect"
26	systems__connected__photosynthesis5	p[data-cinema-kicker] "cause and effect"
26	systems__chapter__photosynthesis6	p[data-cinema-kicker] "Chapter 01 · in summary"
26	systems__sequence__photosynthesis6	p[data-cinema-kicker] "in summary"
26	systems__takeaway__photosynthesis6	p[data-cinema-kicker] "in summary"
26	systems__hero-annotated__shapescell3	p[data-cinema-kicker] "look closer"
26	systems__hero-indexed__shapescell3	span "1"
26	systems__hero-annotated__shapescell5	p[data-cinema-kicker] "look closer"
26	systems__hero-indexed__shapescell5	span "1"
26	systems__hero-annotated__shapescell8	p[data-cinema-kicker] "look closer"
26	systems__hero-indexed__shapescell8	span "1"
26	systems__hero-annotated__shapescycle3	p[data-cinema-kicker] "look closer"
26	systems__hero-indexed__shapescycle3	span "1"
26	systems__hero-annotated__shapescycle5	p[data-cinema-kicker] "look closer"
26	systems__hero-indexed__shapescycle5	span "1"
26	systems__hero-annotated__shapescycle8	p[data-cinema-kicker] "look closer"
26	systems__hero-indexed__shapescycle8	span "1"
26	systems__hero-annotated__shapesplant3	p[data-cinema-kicker] "look closer"
26	systems__hero-indexed__shapesplant3	span "1"
26	systems__hero-annotated__shapesplant5	p[data-cinema-kicker] "look closer"
26	systems__hero-indexed__shapesplant5	span "1"
26	systems__hero-annotated__shapesplant8	p[data-cinema-kicker] "look closer"
26	systems__hero-indexed__shapesplant8	span "1"
26	systems__hero-annotated__shapessystem3	p[data-cinema-kicker] "look closer"
26	systems__hero-indexed__shapessystem3	span "1"
26	systems__hero-annotated__shapessystem5	p[data-cinema-kicker] "look closer"
26	systems__hero-indexed__shapessystem5	span "1"
26	systems__hero-annotated__shapessystem8	p[data-cinema-kicker] "look closer"
26	systems__hero-indexed__shapessystem8	span "1"
26	systems__illustrated-headline__fullColumnHook	p[data-cinema-kicker] "the big question"
26	systems__statement__fullColumnHook	p[data-cinema-kicker] "the big question"
26	systems__chapter__fullColumnHook	p[data-cinema-kicker] "Chapter 01 · the big questio"
26	systems__takeaway__fullColumnHook	p[data-cinema-kicker] "the big question"
26	field-notes__illustrated-headline__assetAssistedDefinitionFixture	p[data-cinema-kicker] "key term"
26	field-notes__statement__assetAssistedDefinitionFixture	p[data-cinema-kicker] "key term"
26	field-notes__chapter__assetAssistedDefinitionFixture	p[data-cinema-kicker] "Chapter 01 · key term"
26	field-notes__hero-annotated__assetAssistedDefinitionFixture	p[data-cinema-kicker] "key term"
26	field-notes__illustrated-headline__assetAssistedSummaryFixture	p[data-cinema-kicker] "in summary"
26	field-notes__chapter__assetAssistedSummaryFixture	p[data-cinema-kicker] "Chapter 01 · in summary"
26	field-notes__sequence__assetAssistedSummaryFixture	p[data-cinema-kicker] "in summary"
26	field-notes__takeaway__assetAssistedSummaryFixture	p[data-cinema-kicker] "in summary"
26	field-notes__hero-annotated__assetDiagramFixture	p[data-cinema-kicker] "look closer"
26	field-notes__hero-indexed__assetDiagramFixture	span "1"
26	field-notes__comparison-split__asymmetricIpoFixture	p[data-cinema-kicker] "the system"
26	field-notes__connected__asymmetricIpoFixture	p[data-cinema-kicker] "the system"
26	field-notes__connected__branchingCauseEffectFixture	p[data-cinema-kicker] "cause and effect"
26	field-notes__connected__branchingProcessGraphFixture	p[data-cinema-kicker] "step by step"
26	field-notes__hero-annotated__duplicateAnchorDiagramFixture	p[data-cinema-kicker] "look closer"
26	field-notes__hero-indexed__duplicateAnchorDiagramFixture	span "1"
26	field-notes__illustrated-headline__generatedAnalogyFixture	p[data-cinema-kicker] "an analogy"
26	field-notes__statement__generatedAnalogyFixture	p[data-cinema-kicker] "an analogy"
26	field-notes__chapter__generatedAnalogyFixture	p[data-cinema-kicker] "Chapter 01 · an analogy"
26	field-notes__comparison-split__generatedAnalogyFixture	p[data-cinema-kicker] "an analogy"
26	field-notes__comparison-stacked__generatedAnalogyFixture	p "The idea"
26	field-notes__sequence__genericIpoFixture	p[data-cinema-kicker] "the system"
26	field-notes__comparison-split__genericIpoFixture	p[data-cinema-kicker] "the system"
26	field-notes__connected__genericIpoFixture	p[data-cinema-kicker] "the system"
26	field-notes__connected__graphCauseEffectFixture	p[data-cinema-kicker] "cause and effect"
26	field-notes__sequence__iconAssistedProcessFixture	p[data-cinema-kicker] "step by step"
26	field-notes__connected__iconAssistedProcessFixture	p[data-cinema-kicker] "step by step"
26	field-notes__hero-indexed__iconAssistedProcessFixture	p[data-cinema-kicker] "step by step"
26	field-notes__comparison-split__imageAssistedComparisonFixture	p[data-cinema-kicker] "compare and contrast"
26	field-notes__comparison-stacked__imageAssistedComparisonFixture	p[data-cinema-kicker] "compare and contrast"
26	field-notes__sequence__longLabelProcessFixture	p[data-cinema-kicker] "step by step"
26	field-notes__connected__longLabelProcessFixture	p[data-cinema-kicker] "step by step"
26	field-notes__hero-indexed__longLabelProcessFixture	p[data-cinema-kicker] "step by step"
26	field-notes__hero-indexed__manyLabelDiagramFixture	span "1"
26	field-notes__statement__maximumDensityDefinitionFixture	p[data-cinema-kicker] "key term"
26	field-notes__chapter__maximumDensityDefinitionFixture	p[data-cinema-kicker] "Chapter 01 · key term"
26	field-notes__illustrated-headline__maximumDensityHookFixture	p[data-cinema-kicker] "the big question"
26	field-notes__statement__maximumDensityHookFixture	p[data-cinema-kicker] "the big question"
26	field-notes__chapter__maximumDensityHookFixture	p[data-cinema-kicker] "Chapter 01 · the big questio"
26	field-notes__takeaway__maximumDensityHookFixture	p[data-cinema-kicker] "the big question"
26	field-notes__comparison-split__maximumDensityIpoFixture	p[data-cinema-kicker] "the system"
26	field-notes__connected__maximumDensityIpoFixture	p[data-cinema-kicker] "the system"
26	field-notes__hero-annotated__maximumLabelDiagramFixture	p[data-cinema-kicker] "look closer"
26	field-notes__hero-indexed__maximumLabelDiagramFixture	span "1"
26	field-notes__sequence__maximumProcessFixture	p[data-cinema-kicker] "step by step"
26	field-notes__connected__maximumProcessFixture	p[data-cinema-kicker] "step by step"
26	field-notes__hero-indexed__maximumProcessFixture	p[data-cinema-kicker] "step by step"
26	field-notes__takeaway__maximumWorkedExampleFixture	p[data-cinema-kicker] "worked example"
26	field-notes__sequence__minimumProcessFixture	p[data-cinema-kicker] "step by step"
26	field-notes__connected__minimumProcessFixture	p[data-cinema-kicker] "step by step"
26	field-notes__hero-indexed__minimumProcessFixture	p[data-cinema-kicker] "step by step"
26	field-notes__connected__nineStepProcessGraphFixture	p[data-cinema-kicker] "step by step"
26	field-notes__sequence__nonNumericalWorkedExampleFixture	p[data-cinema-kicker] "worked example"
26	field-notes__takeaway__nonNumericalWorkedExampleFixture	p[data-cinema-kicker] "worked example"
26	field-notes__sequence__numericalWorkedExampleFixture	p[data-cinema-kicker] "worked example"
26	field-notes__takeaway__numericalWorkedExampleFixture	p[data-cinema-kicker] "worked example"
26	field-notes__sequence__photosynthesisIpoFixture	p[data-cinema-kicker] "the system"
26	field-notes__comparison-split__photosynthesisIpoFixture	p[data-cinema-kicker] "the system"
26	field-notes__connected__photosynthesisIpoFixture	p[data-cinema-kicker] "the system"
26	field-notes__illustrated-headline__sceneRegistryPreviewFixture	p[data-cinema-kicker] "the big question"
26	field-notes__statement__sceneRegistryPreviewFixture	p[data-cinema-kicker] "the big question"
26	field-notes__chapter__sceneRegistryPreviewFixture	p[data-cinema-kicker] "Chapter 01 · the big questio"
26	field-notes__takeaway__sceneRegistryPreviewFixture	p[data-cinema-kicker] "the big question"
26	field-notes__hero-annotated__shapesDiagramFixture	p[data-cinema-kicker] "look closer"
26	field-notes__hero-indexed__shapesDiagramFixture	span "1"
26	field-notes__sequence__simpleCauseEffectFixture	p[data-cinema-kicker] "cause and effect"
26	field-notes__connected__simpleCauseEffectFixture	p[data-cinema-kicker] "cause and effect"
26	field-notes__hero-annotated__sourceDiagramFixture	p[data-cinema-kicker] "look closer"
26	field-notes__hero-indexed__sourceDiagramFixture	span "1"
26	field-notes__illustrated-headline__sourcedAnalogyFixture	p[data-cinema-kicker] "an analogy"
26	field-notes__statement__sourcedAnalogyFixture	p[data-cinema-kicker] "an analogy"
26	field-notes__chapter__sourcedAnalogyFixture	p[data-cinema-kicker] "Chapter 01 · an analogy"
26	field-notes__comparison-split__sourcedAnalogyFixture	p[data-cinema-kicker] "an analogy"
26	field-notes__comparison-stacked__sourcedAnalogyFixture	p "The idea"
26	field-notes__comparison-split__textOnlyComparisonFixture	p[data-cinema-kicker] "compare and contrast"
26	field-notes__comparison-stacked__textOnlyComparisonFixture	p[data-cinema-kicker] "compare and contrast"
26	field-notes__illustrated-headline__textOnlyDefinitionFixture	p[data-cinema-kicker] "key term"
26	field-notes__statement__textOnlyDefinitionFixture	p[data-cinema-kicker] "key term"
26	field-notes__chapter__textOnlyDefinitionFixture	p[data-cinema-kicker] "Chapter 01 · key term"
26	field-notes__hero-annotated__textOnlyDefinitionFixture	p[data-cinema-kicker] "key term"
26	field-notes__illustrated-headline__textOnlySummaryFixture	p[data-cinema-kicker] "in summary"
26	field-notes__statement__textOnlySummaryFixture	p[data-cinema-kicker] "in summary"
26	field-notes__chapter__textOnlySummaryFixture	p[data-cinema-kicker] "Chapter 01 · in summary"
26	field-notes__sequence__textOnlySummaryFixture	p[data-cinema-kicker] "in summary"
26	field-notes__takeaway__textOnlySummaryFixture	p[data-cinema-kicker] "in summary"
26	field-notes__illustrated-headline__validHookFixture	p[data-cinema-kicker] "the big question"
26	field-notes__statement__validHookFixture	p[data-cinema-kicker] "the big question"
26	field-notes__chapter__validHookFixture	p[data-cinema-kicker] "Chapter 01 · the big questio"
26	field-notes__takeaway__validHookFixture	p[data-cinema-kicker] "the big question"
26	field-notes__chapter__visualAssistedSummaryFixture	p[data-cinema-kicker] "Chapter 01 · in summary"
26	field-notes__sequence__visualAssistedSummaryFixture	p[data-cinema-kicker] "in summary"
26	field-notes__takeaway__visualAssistedSummaryFixture	p[data-cinema-kicker] "in summary"
26	field-notes__illustrated-headline__photosynthesis1	p[data-cinema-kicker] "the big question"
26	field-notes__statement__photosynthesis1	p[data-cinema-kicker] "the big question"
26	field-notes__chapter__photosynthesis1	p[data-cinema-kicker] "Chapter 01 · the big questio"
26	field-notes__takeaway__photosynthesis1	p[data-cinema-kicker] "the big question"
26	field-notes__illustrated-headline__photosynthesis2	p[data-cinema-kicker] "key term"
26	field-notes__statement__photosynthesis2	p[data-cinema-kicker] "key term"
26	field-notes__chapter__photosynthesis2	p[data-cinema-kicker] "Chapter 01 · key term"
26	field-notes__hero-annotated__photosynthesis2	p[data-cinema-kicker] "key term"
26	field-notes__sequence__photosynthesis3	p[data-cinema-kicker] "step by step"
26	field-notes__connected__photosynthesis3	p[data-cinema-kicker] "step by step"
26	field-notes__hero-indexed__photosynthesis3	p[data-cinema-kicker] "step by step"
26	field-notes__sequence__photosynthesis4	p[data-cinema-kicker] "the system"
26	field-notes__comparison-split__photosynthesis4	p[data-cinema-kicker] "the system"
26	field-notes__connected__photosynthesis4	p[data-cinema-kicker] "the system"
26	field-notes__sequence__photosynthesis5	p[data-cinema-kicker] "cause and effect"
26	field-notes__connected__photosynthesis5	p[data-cinema-kicker] "cause and effect"
26	field-notes__chapter__photosynthesis6	p[data-cinema-kicker] "Chapter 01 · in summary"
26	field-notes__sequence__photosynthesis6	p[data-cinema-kicker] "in summary"
26	field-notes__takeaway__photosynthesis6	p[data-cinema-kicker] "in summary"
26	field-notes__hero-annotated__shapescell3	p[data-cinema-kicker] "look closer"
26	field-notes__hero-indexed__shapescell3	span "1"
26	field-notes__hero-annotated__shapescell5	p[data-cinema-kicker] "look closer"
26	field-notes__hero-indexed__shapescell5	span "1"
26	field-notes__hero-annotated__shapescell8	p[data-cinema-kicker] "look closer"
26	field-notes__hero-indexed__shapescell8	span "1"
26	field-notes__hero-annotated__shapescycle3	p[data-cinema-kicker] "look closer"
26	field-notes__hero-indexed__shapescycle3	span "1"
26	field-notes__hero-annotated__shapescycle5	p[data-cinema-kicker] "look closer"
26	field-notes__hero-indexed__shapescycle5	span "1"
26	field-notes__hero-annotated__shapescycle8	p[data-cinema-kicker] "look closer"
26	field-notes__hero-indexed__shapescycle8	span "1"
26	field-notes__hero-annotated__shapesplant3	p[data-cinema-kicker] "look closer"
26	field-notes__hero-indexed__shapesplant3	span "1"
26	field-notes__hero-annotated__shapesplant5	p[data-cinema-kicker] "look closer"
26	field-notes__hero-indexed__shapesplant5	span "1"
26	field-notes__hero-annotated__shapesplant8	p[data-cinema-kicker] "look closer"
26	field-notes__hero-indexed__shapesplant8	span "1"
26	field-notes__hero-annotated__shapessystem3	p[data-cinema-kicker] "look closer"
26	field-notes__hero-indexed__shapessystem3	span "1"
26	field-notes__hero-annotated__shapessystem5	p[data-cinema-kicker] "look closer"
26	field-notes__hero-indexed__shapessystem5	span "1"
26	field-notes__hero-annotated__shapessystem8	p[data-cinema-kicker] "look closer"
26	field-notes__hero-indexed__shapessystem8	span "1"
26	field-notes__illustrated-headline__fullColumnHook	p[data-cinema-kicker] "the big question"
26	field-notes__statement__fullColumnHook	p[data-cinema-kicker] "the big question"
26	field-notes__chapter__fullColumnHook	p[data-cinema-kicker] "Chapter 01 · the big questio"
26	field-notes__takeaway__fullColumnHook	p[data-cinema-kicker] "the big question"
26	prism__illustrated-headline__assetAssistedDefinitionFixture	p[data-cinema-kicker] "key term"
26	prism__statement__assetAssistedDefinitionFixture	p[data-cinema-kicker] "key term"
26	prism__chapter__assetAssistedDefinitionFixture	p[data-cinema-kicker] "Chapter 01 · key term"
26	prism__hero-annotated__assetAssistedDefinitionFixture	p[data-cinema-kicker] "key term"
26	prism__illustrated-headline__assetAssistedSummaryFixture	p[data-cinema-kicker] "in summary"
26	prism__chapter__assetAssistedSummaryFixture	p[data-cinema-kicker] "Chapter 01 · in summary"
26	prism__sequence__assetAssistedSummaryFixture	p[data-cinema-kicker] "in summary"
26	prism__takeaway__assetAssistedSummaryFixture	p[data-cinema-kicker] "in summary"
26	prism__hero-annotated__assetDiagramFixture	p[data-cinema-kicker] "look closer"
26	prism__hero-indexed__assetDiagramFixture	span "1"
26	prism__comparison-split__asymmetricIpoFixture	p[data-cinema-kicker] "the system"
26	prism__connected__asymmetricIpoFixture	p[data-cinema-kicker] "the system"
26	prism__connected__branchingCauseEffectFixture	p[data-cinema-kicker] "cause and effect"
26	prism__connected__branchingProcessGraphFixture	p[data-cinema-kicker] "step by step"
26	prism__hero-annotated__duplicateAnchorDiagramFixture	p[data-cinema-kicker] "look closer"
26	prism__hero-indexed__duplicateAnchorDiagramFixture	span "1"
26	prism__illustrated-headline__generatedAnalogyFixture	p[data-cinema-kicker] "an analogy"
26	prism__statement__generatedAnalogyFixture	p[data-cinema-kicker] "an analogy"
26	prism__chapter__generatedAnalogyFixture	p[data-cinema-kicker] "Chapter 01 · an analogy"
26	prism__comparison-split__generatedAnalogyFixture	p[data-cinema-kicker] "an analogy"
26	prism__comparison-stacked__generatedAnalogyFixture	p "The idea"
26	prism__sequence__genericIpoFixture	p[data-cinema-kicker] "the system"
26	prism__comparison-split__genericIpoFixture	p[data-cinema-kicker] "the system"
26	prism__connected__genericIpoFixture	p[data-cinema-kicker] "the system"
26	prism__connected__graphCauseEffectFixture	p[data-cinema-kicker] "cause and effect"
26	prism__sequence__iconAssistedProcessFixture	p[data-cinema-kicker] "step by step"
26	prism__connected__iconAssistedProcessFixture	p[data-cinema-kicker] "step by step"
26	prism__hero-indexed__iconAssistedProcessFixture	p[data-cinema-kicker] "step by step"
26	prism__comparison-split__imageAssistedComparisonFixture	p[data-cinema-kicker] "compare and contrast"
26	prism__comparison-stacked__imageAssistedComparisonFixture	p[data-cinema-kicker] "compare and contrast"
26	prism__sequence__longLabelProcessFixture	p[data-cinema-kicker] "step by step"
26	prism__connected__longLabelProcessFixture	p[data-cinema-kicker] "step by step"
26	prism__hero-indexed__longLabelProcessFixture	p[data-cinema-kicker] "step by step"
26	prism__hero-indexed__manyLabelDiagramFixture	span "1"
26	prism__statement__maximumDensityDefinitionFixture	p[data-cinema-kicker] "key term"
26	prism__chapter__maximumDensityDefinitionFixture	p[data-cinema-kicker] "Chapter 01 · key term"
26	prism__illustrated-headline__maximumDensityHookFixture	p[data-cinema-kicker] "the big question"
26	prism__statement__maximumDensityHookFixture	p[data-cinema-kicker] "the big question"
26	prism__chapter__maximumDensityHookFixture	p[data-cinema-kicker] "Chapter 01 · the big questio"
26	prism__takeaway__maximumDensityHookFixture	p[data-cinema-kicker] "the big question"
26	prism__comparison-split__maximumDensityIpoFixture	p[data-cinema-kicker] "the system"
26	prism__connected__maximumDensityIpoFixture	p[data-cinema-kicker] "the system"
26	prism__hero-annotated__maximumLabelDiagramFixture	p[data-cinema-kicker] "look closer"
26	prism__hero-indexed__maximumLabelDiagramFixture	span "1"
26	prism__sequence__maximumProcessFixture	p[data-cinema-kicker] "step by step"
26	prism__connected__maximumProcessFixture	p[data-cinema-kicker] "step by step"
26	prism__hero-indexed__maximumProcessFixture	p[data-cinema-kicker] "step by step"
26	prism__takeaway__maximumWorkedExampleFixture	p[data-cinema-kicker] "worked example"
26	prism__sequence__minimumProcessFixture	p[data-cinema-kicker] "step by step"
26	prism__connected__minimumProcessFixture	p[data-cinema-kicker] "step by step"
26	prism__hero-indexed__minimumProcessFixture	p[data-cinema-kicker] "step by step"
26	prism__connected__nineStepProcessGraphFixture	p[data-cinema-kicker] "step by step"
26	prism__sequence__nonNumericalWorkedExampleFixture	p[data-cinema-kicker] "worked example"
26	prism__takeaway__nonNumericalWorkedExampleFixture	p[data-cinema-kicker] "worked example"
26	prism__sequence__numericalWorkedExampleFixture	p[data-cinema-kicker] "worked example"
26	prism__takeaway__numericalWorkedExampleFixture	p[data-cinema-kicker] "worked example"
26	prism__sequence__photosynthesisIpoFixture	p[data-cinema-kicker] "the system"
26	prism__comparison-split__photosynthesisIpoFixture	p[data-cinema-kicker] "the system"
26	prism__connected__photosynthesisIpoFixture	p[data-cinema-kicker] "the system"
26	prism__illustrated-headline__sceneRegistryPreviewFixture	p[data-cinema-kicker] "the big question"
26	prism__statement__sceneRegistryPreviewFixture	p[data-cinema-kicker] "the big question"
26	prism__chapter__sceneRegistryPreviewFixture	p[data-cinema-kicker] "Chapter 01 · the big questio"
26	prism__takeaway__sceneRegistryPreviewFixture	p[data-cinema-kicker] "the big question"
26	prism__hero-annotated__shapesDiagramFixture	p[data-cinema-kicker] "look closer"
26	prism__hero-indexed__shapesDiagramFixture	span "1"
26	prism__sequence__simpleCauseEffectFixture	p[data-cinema-kicker] "cause and effect"
26	prism__connected__simpleCauseEffectFixture	p[data-cinema-kicker] "cause and effect"
26	prism__hero-annotated__sourceDiagramFixture	p[data-cinema-kicker] "look closer"
26	prism__hero-indexed__sourceDiagramFixture	span "1"
26	prism__illustrated-headline__sourcedAnalogyFixture	p[data-cinema-kicker] "an analogy"
26	prism__statement__sourcedAnalogyFixture	p[data-cinema-kicker] "an analogy"
26	prism__chapter__sourcedAnalogyFixture	p[data-cinema-kicker] "Chapter 01 · an analogy"
26	prism__comparison-split__sourcedAnalogyFixture	p[data-cinema-kicker] "an analogy"
26	prism__comparison-stacked__sourcedAnalogyFixture	p "The idea"
26	prism__comparison-split__textOnlyComparisonFixture	p[data-cinema-kicker] "compare and contrast"
26	prism__comparison-stacked__textOnlyComparisonFixture	p[data-cinema-kicker] "compare and contrast"
26	prism__illustrated-headline__textOnlyDefinitionFixture	p[data-cinema-kicker] "key term"
26	prism__statement__textOnlyDefinitionFixture	p[data-cinema-kicker] "key term"
26	prism__chapter__textOnlyDefinitionFixture	p[data-cinema-kicker] "Chapter 01 · key term"
26	prism__hero-annotated__textOnlyDefinitionFixture	p[data-cinema-kicker] "key term"
26	prism__illustrated-headline__textOnlySummaryFixture	p[data-cinema-kicker] "in summary"
26	prism__statement__textOnlySummaryFixture	p[data-cinema-kicker] "in summary"
26	prism__chapter__textOnlySummaryFixture	p[data-cinema-kicker] "Chapter 01 · in summary"
26	prism__sequence__textOnlySummaryFixture	p[data-cinema-kicker] "in summary"
26	prism__takeaway__textOnlySummaryFixture	p[data-cinema-kicker] "in summary"
26	prism__illustrated-headline__validHookFixture	p[data-cinema-kicker] "the big question"
26	prism__statement__validHookFixture	p[data-cinema-kicker] "the big question"
26	prism__chapter__validHookFixture	p[data-cinema-kicker] "Chapter 01 · the big questio"
26	prism__takeaway__validHookFixture	p[data-cinema-kicker] "the big question"
26	prism__chapter__visualAssistedSummaryFixture	p[data-cinema-kicker] "Chapter 01 · in summary"
26	prism__sequence__visualAssistedSummaryFixture	p[data-cinema-kicker] "in summary"
26	prism__takeaway__visualAssistedSummaryFixture	p[data-cinema-kicker] "in summary"
26	prism__illustrated-headline__photosynthesis1	p[data-cinema-kicker] "the big question"
26	prism__statement__photosynthesis1	p[data-cinema-kicker] "the big question"
26	prism__chapter__photosynthesis1	p[data-cinema-kicker] "Chapter 01 · the big questio"
26	prism__takeaway__photosynthesis1	p[data-cinema-kicker] "the big question"
26	prism__illustrated-headline__photosynthesis2	p[data-cinema-kicker] "key term"
26	prism__statement__photosynthesis2	p[data-cinema-kicker] "key term"
26	prism__chapter__photosynthesis2	p[data-cinema-kicker] "Chapter 01 · key term"
26	prism__hero-annotated__photosynthesis2	p[data-cinema-kicker] "key term"
26	prism__sequence__photosynthesis3	p[data-cinema-kicker] "step by step"
26	prism__connected__photosynthesis3	p[data-cinema-kicker] "step by step"
26	prism__hero-indexed__photosynthesis3	p[data-cinema-kicker] "step by step"
26	prism__sequence__photosynthesis4	p[data-cinema-kicker] "the system"
26	prism__comparison-split__photosynthesis4	p[data-cinema-kicker] "the system"
26	prism__connected__photosynthesis4	p[data-cinema-kicker] "the system"
26	prism__sequence__photosynthesis5	p[data-cinema-kicker] "cause and effect"
26	prism__connected__photosynthesis5	p[data-cinema-kicker] "cause and effect"
26	prism__chapter__photosynthesis6	p[data-cinema-kicker] "Chapter 01 · in summary"
26	prism__sequence__photosynthesis6	p[data-cinema-kicker] "in summary"
26	prism__takeaway__photosynthesis6	p[data-cinema-kicker] "in summary"
26	prism__hero-annotated__shapescell3	p[data-cinema-kicker] "look closer"
26	prism__hero-indexed__shapescell3	span "1"
26	prism__hero-annotated__shapescell5	p[data-cinema-kicker] "look closer"
26	prism__hero-indexed__shapescell5	span "1"
26	prism__hero-annotated__shapescell8	p[data-cinema-kicker] "look closer"
26	prism__hero-indexed__shapescell8	span "1"
26	prism__hero-annotated__shapescycle3	p[data-cinema-kicker] "look closer"
26	prism__hero-indexed__shapescycle3	span "1"
26	prism__hero-annotated__shapescycle5	p[data-cinema-kicker] "look closer"
26	prism__hero-indexed__shapescycle5	span "1"
26	prism__hero-annotated__shapescycle8	p[data-cinema-kicker] "look closer"
26	prism__hero-indexed__shapescycle8	span "1"
26	prism__hero-annotated__shapesplant3	p[data-cinema-kicker] "look closer"
26	prism__hero-indexed__shapesplant3	span "1"
26	prism__hero-annotated__shapesplant5	p[data-cinema-kicker] "look closer"
26	prism__hero-indexed__shapesplant5	span "1"
26	prism__hero-annotated__shapesplant8	p[data-cinema-kicker] "look closer"
26	prism__hero-indexed__shapesplant8	span "1"
26	prism__hero-annotated__shapessystem3	p[data-cinema-kicker] "look closer"
26	prism__hero-indexed__shapessystem3	span "1"
26	prism__hero-annotated__shapessystem5	p[data-cinema-kicker] "look closer"
26	prism__hero-indexed__shapessystem5	span "1"
26	prism__hero-annotated__shapessystem8	p[data-cinema-kicker] "look closer"
26	prism__hero-indexed__shapessystem8	span "1"
26	prism__illustrated-headline__fullColumnHook	p[data-cinema-kicker] "the big question"
26	prism__statement__fullColumnHook	p[data-cinema-kicker] "the big question"
26	prism__chapter__fullColumnHook	p[data-cinema-kicker] "Chapter 01 · the big questio"
26	prism__takeaway__fullColumnHook	p[data-cinema-kicker] "the big question"