24	prism__hero-annotated__assetDiagramFixture	p "Cell wall"
24	prism__hero-annotated__duplicateAnchorDiagramFixture	p "Alpha"
24	prism__comparison-split__maximumDensityAnalogyFixture	p "concept 1 concept 1 concept "
24	prism__connected__maximumDensityCauseEffectFixture	p "CCCCCCCCCCCCCCCCCCCCCCCCCCCC"
24	prism__comparison-split__maximumDensityComparisonFixture	p "4444444444444444444444444444"
24	prism__illustrated-headline__maximumDensityDefinitionFixture	p "LLLLLLLLLLLLLLLLLLLLLLLLLLLL"
24	prism__hero-annotated__maximumDensityDefinitionFixture	p "DDDDDDDDDDDDDDDDDDDDDDDDDDDD"
24	prism__hero-annotated__maximumLabelDiagramFixture	p "One"
24	prism__hero-annotated__shapesDiagramFixture	p "Condensation"
24	prism__hero-annotated__sourceDiagramFixture	p "Cell wall"
24	prism__illustrated-headline__visualAssistedSummaryFixture	p "Energy transfer changes part"
24	prism__illustrated-headline__photosynthesis6	p "Photosynthesis makes glucose"
26	prism__illustrated-headline__assetAssistedDefinitionFixture	p[data-cinema-kicker] "key term"
26	prism__statement__assetAssistedDefinitionFixture	p[data-cinema-kicker] "key term"
26	prism__chapter__assetAssistedDefinitionFixture	p[data-cinema-kicker] "Chapter 01 · key term"
26	prism__hero-annotated__assetAssistedDefinitionFixture	p[data-cinema-kicker] "key term"
26	prism__illustrated-headline__assetAssistedSummaryFixture	p[data-cinema-kicker] "in summary"
26	prism__chapter__assetAssistedSummaryFixture	p[data-cinema-kicker] "Chapter 01 · in summary"
26	prism__sequence__assetAssistedSummaryFixture	p[data-cinema-kicker] "in summary"
26	prism__takeaway__assetAssistedSummaryFixture	p[data-cinema-kicker] "in summary"
26	prism__hero-indexed__assetDiagramFixture	span "1"
26	prism__comparison-split__asymmetricIpoFixture	p[data-cinema-kicker] "the system"
26	prism__connected__asymmetricIpoFixture	p[data-cinema-kicker] "the system"
26	prism__connected__branchingCauseEffectFixture	p[data-cinema-kicker] "cause and effect"
26	prism__connected__branchingProcessGraphFixture	p[data-cinema-kicker] "step by step"
26	prism__hero-indexed__duplicateAnchorDiagramFixture	span "1"
26	prism__illustrated-headline__generatedAnalogyFixture	p[data-cinema-kicker] "an analogy"
26	prism__statement__generatedAnalogyFixture	p[data-cinema-kicker] "an analogy"
26	prism__chapter__generatedAnalogyFixture	p[data-cinema-kicker] "Chapter 01 · an analogy"
26	prism__comparison-split__generatedAnalogyFixture	p[data-cinema-kicker] "an analogy"
26	prism__comparison-stacked__generatedAnalogyFixture	p "The idea"
26	prism__sequence__genericIpoFixture	p[data-cinema-kicker] "the system"
26	prism__comparison-split__genericIpoFixture	p[data-cinema-kicker] "the system"
26	prism__connected__genericIpoFixture	p[data-cinema-kicker] "the system"
26	prism__connected__graphCauseEffectFixture	p[data-cinema-kicker] "cause and effect"
26	prism__sequence__iconAssistedProcessFixture	p[data-cinema-kicker] "step by step"
26	prism__connected__iconAssistedProcessFixture	p[data-cinema-kicker] "step by step"
26	prism__hero-indexed__iconAssistedProcessFixture	p[data-cinema-kicker] "step by step"
26	prism__comparison-split__imageAssistedComparisonFixture	p[data-cinema-kicker] "compare and contrast"
26	prism__comparison-stacked__imageAssistedComparisonFixture	p[data-cinema-kicker] "compare and contrast"
26	prism__sequence__longLabelProcessFixture	p[data-cinema-kicker] "step by step"
26	prism__connected__longLabelProcessFixture	p[data-cinema-kicker] "step by step"
26	prism__hero-indexed__longLabelProcessFixture	p[data-cinema-kicker] "step by step"
26	prism__hero-indexed__manyLabelDiagramFixture	span "1"
26	prism__statement__maximumDensityDefinitionFixture	p[data-cinema-kicker] "key term"
26	prism__chapter__maximumDensityDefinitionFixture	p[data-cinema-kicker] "Chapter 01 · key term"
26	prism__illustrated-headline__maximumDensityHookFixture	p[data-cinema-kicker] "the big question"
26	prism__statement__maximumDensityHookFixture	p[data-cinema-kicker] "the big question"
26	prism__chapter__maximumDensityHookFixture	p[data-cinema-kicker] "Chapter 01 · the big questio"
26	prism__takeaway__maximumDensityHookFixture	p[data-cinema-kicker] "the big question"
26	prism__comparison-split__maximumDensityIpoFixture	p[data-cinema-kicker] "the system"
26	prism__connected__maximumDensityIpoFixture	p[data-cinema-kicker] "the system"
26	prism__hero-indexed__maximumLabelDiagramFixture	span "1"
26	prism__sequence__maximumProcessFixture	p[data-cinema-kicker] "step by step"
26	prism__connected__maximumProcessFixture	p[data-cinema-kicker] "step by step"
26	prism__hero-indexed__maximumProcessFixture	p[data-cinema-kicker] "step by step"
26	prism__takeaway__maximumWorkedExampleFixture	p[data-cinema-kicker] "worked example"
26	prism__sequence__minimumProcessFixture	p[data-cinema-kicker] "step by step"
26	prism__connected__minimumProcessFixture	p[data-cinema-kicker] "step by step"
26	prism__hero-indexed__minimumProcessFixture	p[data-cinema-kicker] "step by step"
26	prism__connected__nineStepProcessGraphFixture	p[data-cinema-kicker] "step by step"
26	prism__sequence__nonNumericalWorkedExampleFixture	p[data-cinema-kicker] "worked example"
26	prism__takeaway__nonNumericalWorkedExampleFixture	p[data-cinema-kicker] "worked example"
26	prism__sequence__numericalWorkedExampleFixture	p[data-cinema-kicker] "worked example"
26	prism__takeaway__numericalWorkedExampleFixture	p[data-cinema-kicker] "worked example"
26	prism__sequence__photosynthesisIpoFixture	p[data-cinema-kicker] "the system"
26	prism__comparison-split__photosynthesisIpoFixture	p[data-cinema-kicker] "the system"
26	prism__connected__photosynthesisIpoFixture	p[data-cinema-kicker] "the system"
26	prism__illustrated-headline__sceneRegistryPreviewFixture	p[data-cinema-kicker] "the big question"
26	prism__statement__sceneRegistryPreviewFixture	p[data-cinema-kicker] "the big question"
26	prism__chapter__sceneRegistryPreviewFixture	p[data-cinema-kicker] "Chapter 01 · the big questio"
26	prism__takeaway__sceneRegistryPreviewFixture	p[data-cinema-kicker] "the big question"
26	prism__hero-indexed__shapesDiagramFixture	span "1"
26	prism__sequence__simpleCauseEffectFixture	p[data-cinema-kicker] "cause and effect"
26	prism__connected__simpleCauseEffectFixture	p[data-cinema-kicker] "cause and effect"
26	prism__hero-indexed__sourceDiagramFixture	span "1"
26	prism__illustrated-headline__sourcedAnalogyFixture	p[data-cinema-kicker] "an analogy"
26	prism__statement__sourcedAnalogyFixture	p[data-cinema-kicker] "an analogy"
26	prism__chapter__sourcedAnalogyFixture	p[data-cinema-kicker] "Chapter 01 · an analogy"
26	prism__comparison-split__sourcedAnalogyFixture	p[data-cinema-kicker] "an analogy"
26	prism__comparison-stacked__sourcedAnalogyFixture	p "The idea"
26	prism__comparison-split__textOnlyComparisonFixture	p[data-cinema-kicker] "compare and contrast"
26	prism__comparison-stacked__textOnlyComparisonFixture	p[data-cinema-kicker] "compare and contrast"
26	prism__illustrated-headline__textOnlyDefinitionFixture	p[data-cinema-kicker] "key term"
26	prism__statement__textOnlyDefinitionFixture	p[data-cinema-kicker] "key term"
26	prism__chapter__textOnlyDefinitionFixture	p[data-cinema-kicker] "Chapter 01 · key term"
26	prism__hero-annotated__textOnlyDefinitionFixture	p[data-cinema-kicker] "key term"
26	prism__illustrated-headline__textOnlySummaryFixture	p[data-cinema-kicker] "in summary"
26	prism__statement__textOnlySummaryFixture	p[data-cinema-kicker] "in summary"
26	prism__chapter__textOnlySummaryFixture	p[data-cinema-kicker] "Chapter 01 · in summary"
26	prism__sequence__textOnlySummaryFixture	p[data-cinema-kicker] "in summary"
26	prism__takeaway__textOnlySummaryFixture	p[data-cinema-kicker] "in summary"
26	prism__illustrated-headline__validHookFixture	p[data-cinema-kicker] "the big question"
26	prism__statement__validHookFixture	p[data-cinema-kicker] "the big question"
26	prism__chapter__validHookFixture	p[data-cinema-kicker] "Chapter 01 · the big questio"
26	prism__takeaway__validHookFixture	p[data-cinema-kicker] "the big question"
26	prism__chapter__visualAssistedSummaryFixture	p[data-cinema-kicker] "Chapter 01 · in summary"
26	prism__sequence__visualAssistedSummaryFixture	p[data-cinema-kicker] "in summary"
26	prism__takeaway__visualAssistedSummaryFixture	p[data-cinema-kicker] "in summary"
26	prism__illustrated-headline__photosynthesis1	p[data-cinema-kicker] "the big question"
26	prism__statement__photosynthesis1	p[data-cinema-kicker] "the big question"
26	prism__chapter__photosynthesis1	p[data-cinema-kicker] "Chapter 01 · the big questio"
26	prism__takeaway__photosynthesis1	p[data-cinema-kicker] "the big question"
26	prism__illustrated-headline__photosynthesis2	p[data-cinema-kicker] "key term"
26	prism__statement__photosynthesis2	p[data-cinema-kicker] "key term"
26	prism__chapter__photosynthesis2	p[data-cinema-kicker] "Chapter 01 · key term"
26	prism__hero-annotated__photosynthesis2	p[data-cinema-kicker] "key term"
26	prism__sequence__photosynthesis3	p[data-cinema-kicker] "step by step"
26	prism__connected__photosynthesis3	p[data-cinema-kicker] "step by step"
26	prism__hero-indexed__photosynthesis3	p[data-cinema-kicker] "step by step"
26	prism__sequence__photosynthesis4	p[data-cinema-kicker] "the system"
26	prism__comparison-split__photosynthesis4	p[data-cinema-kicker] "the system"
26	prism__connected__photosynthesis4	p[data-cinema-kicker] "the system"
26	prism__sequence__photosynthesis5	p[data-cinema-kicker] "cause and effect"
26	prism__connected__photosynthesis5	p[data-cinema-kicker] "cause and effect"
26	prism__chapter__photosynthesis6	p[data-cinema-kicker] "Chapter 01 · in summary"
26	prism__sequence__photosynthesis6	p[data-cinema-kicker] "in summary"
26	prism__takeaway__photosynthesis6	p[data-cinema-kicker] "in summary"